Image Name,Gene,Label
37484-78908_A_5_5.jpg,ENSG00000033030,Nucleoplasm
37484-78908_A_4_5.jpg,ENSG00000033030,Nucleoplasm
37484-78908_A_2_5.jpg,ENSG00000033030,Nucleoplasm
37483-78915_A_4_5.jpg,ENSG00000033030,Nucleoplasm
37484-78908_A_3_5.jpg,ENSG00000033030,Nucleoplasm
37483-78915_A_5_5.jpg,ENSG00000033030,Nucleoplasm
19477-46131_A_6_5.jpg,ENSG00000047932,Golgi Apparatus
19477-46200_B_2_4.jpg,ENSG00000047932,Golgi Apparatus
19477-46200_B_3_4.jpg,ENSG00000047932,Golgi Apparatus
19477-46131_A_4_5.jpg,ENSG00000047932,Golgi Apparatus
19477-46200_B_1_4.jpg,ENSG00000047932,Golgi Apparatus
71956-163279_A_6_5.jpg,ENSG00000058272,Cytoplasm
71956-163279_A_4_5.jpg,ENSG00000058272,Cytoplasm
71956-163279_A_5_5.jpg,ENSG00000058272,Cytoplasm
30262-63310_A_1_5.jpg,ENSG00000069956,Cytoplasm
47825-171288_B_2_4.jpg,ENSG00000069956,Cytoplasm
47825-171288_B_3_4.jpg,ENSG00000069956,Cytoplasm
30262-63310_A_3_5.jpg,ENSG00000069956,Cytoplasm
47825-171288_A_5_5.jpg,ENSG00000069956,Cytoplasm
30262-63310_A_2_5.jpg,ENSG00000069956,Cytoplasm
4631-13690_A_6_5.jpg,ENSG00000071626,Nucleoplasm;Cytoplasm
4631-13690_B_3_4.jpg,ENSG00000071626,Nucleoplasm;Cytoplasm
4631-13690_B_2_4.jpg,ENSG00000071626,Nucleoplasm;Cytoplasm
4631-13690_B_1_4.jpg,ENSG00000071626,Nucleoplasm;Cytoplasm
4201-20246_A_5_5.jpg,ENSG00000071626,Nucleoplasm;Cytoplasm
4631-13690_A_4_5.jpg,ENSG00000071626,Nucleoplasm;Cytoplasm
4201-20246_A_4_5.jpg,ENSG00000071626,Nucleoplasm;Cytoplasm
4631-13690_A_5_5.jpg,ENSG00000071626,Nucleoplasm;Cytoplasm
24120-52622_A_4_5.jpg,ENSG00000077097,Nucleoplasm
4601-11584_A_2_5.jpg,ENSG00000077097,Nucleoplasm
24120-52622_A_5_5.jpg,ENSG00000077097,Nucleoplasm
4601-11584_A_3_5.jpg,ENSG00000077097,Nucleoplasm
4601-11584_A_5_5.jpg,ENSG00000077097,Nucleoplasm
24120-52622_A_6_5.jpg,ENSG00000077097,Nucleoplasm
4601-11584_A_4_5.jpg,ENSG00000077097,Nucleoplasm
4601-11584_A_1_5.jpg,ENSG00000077097,Nucleoplasm
39513-85136_A_2_5.jpg,ENSG00000083642,Nucleoplasm
39513-85136_B_2_4.jpg,ENSG00000083642,Nucleoplasm
40015-85144_A_2_5.jpg,ENSG00000083642,Nucleoplasm
40015-85144_B_2_4.jpg,ENSG00000083642,Nucleoplasm
39513-85136_A_3_5.jpg,ENSG00000083642,Nucleoplasm
40015-85144_A_6_5.jpg,ENSG00000083642,Nucleoplasm
39513-85136_A_6_5.jpg,ENSG00000083642,Nucleoplasm
40015-85144_A_3_5.jpg,ENSG00000083642,Nucleoplasm
39513-85136_A_4_5.jpg,ENSG00000083642,Nucleoplasm
40015-85144_A_1_5.jpg,ENSG00000083642,Nucleoplasm
40015-85144_B_1_4.jpg,ENSG00000083642,Nucleoplasm
39513-85136_A_1_5.jpg,ENSG00000083642,Nucleoplasm
40015-85144_A_4_5.jpg,ENSG00000083642,Nucleoplasm
63636-159652_A_6_5.jpg,ENSG00000085491,Mitochondria
63636-159652_A_4_5.jpg,ENSG00000085491,Mitochondria
39324-94452_A_6_5.jpg,ENSG00000087470,Cytoplasm
39324-94452_A_5_5.jpg,ENSG00000087470,Cytoplasm
39324-94452_A_4_5.jpg,ENSG00000087470,Cytoplasm
27183-58847_A_5_5.jpg,ENSG00000090273,Cytoplasm
27183-58847_B_1_4.jpg,ENSG00000090273,Cytoplasm
27183-58847_A_4_5.jpg,ENSG00000090273,Cytoplasm
27183-58847_B_2_4.jpg,ENSG00000090273,Cytoplasm
27183-58847_A_6_5.jpg,ENSG00000090273,Cytoplasm
27183-58847_B_3_4.jpg,ENSG00000090273,Cytoplasm
35344-73530_A_6_5.jpg,ENSG00000100023,Nucleoplasm
35344-73530_A_4_5.jpg,ENSG00000100023,Nucleoplasm
35344-73530_A_5_5.jpg,ENSG00000100023,Nucleoplasm
25458-62867_A_5_5.jpg,ENSG00000100784,Nucleoplasm
1274-3408_A_6_5.jpg,ENSG00000100784,Nucleoplasm
25458-62867_A_4_5.jpg,ENSG00000100784,Nucleoplasm
1274-3408_A_5_5.jpg,ENSG00000100784,Nucleoplasm
1274-3408_A_4_5.jpg,ENSG00000100784,Nucleoplasm
2570-7122_A_4_5.jpg,ENSG00000100815,Golgi Apparatus
2570-7122_A_5_5.jpg,ENSG00000100815,Golgi Apparatus
2570-7122_A_6_5.jpg,ENSG00000100815,Golgi Apparatus
69551-155413_A_4_5.jpg,ENSG00000100867,Mitochondria;Nucleoplasm
69551-155413_A_5_5.jpg,ENSG00000100867,Mitochondria;Nucleoplasm
69551-155413_A_6_5.jpg,ENSG00000100867,Mitochondria;Nucleoplasm
51162-124859_A_5_5.jpg,ENSG00000100889,Mitochondria
51162-124859_A_6_5.jpg,ENSG00000100889,Mitochondria
6269-18782_A_3_5.jpg,ENSG00000102030,Nucleoli;Cytoplasm
6269-18782_A_6_5.jpg,ENSG00000102030,Nucleoli;Cytoplasm
6269-18782_A_2_5.jpg,ENSG00000102030,Nucleoli;Cytoplasm
6269-18782_A_4_5.jpg,ENSG00000102030,Nucleoli;Cytoplasm
6269-18782_A_1_5.jpg,ENSG00000102030,Nucleoli;Cytoplasm
6269-18782_A_5_5.jpg,ENSG00000102030,Nucleoli;Cytoplasm
6731-19007_A_3_5.jpg,ENSG00000103194,Nucleoplasm;Cytoplasm
6749-19015_A_2_5.jpg,ENSG00000103194,Nucleoplasm;Cytoplasm
6731-19007_A_4_5.jpg,ENSG00000103194,Nucleoplasm;Cytoplasm
6749-19015_A_7_4.jpg,ENSG00000103194,Nucleoplasm;Cytoplasm
6731-19007_A_1_5.jpg,ENSG00000103194,Nucleoplasm;Cytoplasm
6749-19015_A_5_5.jpg,ENSG00000103194,Nucleoplasm;Cytoplasm
6749-19015_A_8_4.jpg,ENSG00000103194,Nucleoplasm;Cytoplasm
6731-19007_A_5_5.jpg,ENSG00000103194,Nucleoplasm;Cytoplasm
6749-19015_A_1_5.jpg,ENSG00000103194,Nucleoplasm;Cytoplasm
6749-19015_A_4_5.jpg,ENSG00000103194,Nucleoplasm;Cytoplasm
6749-19015_A_9_4.jpg,ENSG00000103194,Nucleoplasm;Cytoplasm
50977-121025_A_6_5.jpg,ENSG00000104131,Cytoplasm
50977-121025_A_4_5.jpg,ENSG00000104131,Cytoplasm
50977-121025_A_5_5.jpg,ENSG00000104131,Cytoplasm
41231-91523_A_5_5.jpg,ENSG00000104881,Cytoplasm
41231-91523_A_4_5.jpg,ENSG00000104881,Cytoplasm
64222-142924_A_6_5.jpg,ENSG00000105193,Endoplasmic Reticulum;Cytoplasm
64222-142924_A_4_5.jpg,ENSG00000105193,Endoplasmic Reticulum;Cytoplasm
64222-142924_A_5_5.jpg,ENSG00000105193,Endoplasmic Reticulum;Cytoplasm
6427-18236_A_1_5.jpg,ENSG00000105355,Vesicles
6427-18236_A_4_5.jpg,ENSG00000105355,Vesicles
6427-18236_A_6_5.jpg,ENSG00000105355,Vesicles
6427-18236_A_3_5.jpg,ENSG00000105355,Vesicles
6427-18236_A_2_5.jpg,ENSG00000105355,Vesicles
80286-171665_A_1_5.jpg,ENSG00000108039,Cytoplasm
80286-171665_A_4_5.jpg,ENSG00000108039,Cytoplasm
25196-55909_A_1_5.jpg,ENSG00000108039,Cytoplasm
80286-171665_A_6_5.jpg,ENSG00000108039,Cytoplasm
25196-55909_A_2_5.jpg,ENSG00000108039,Cytoplasm
80286-171665_A_3_5.jpg,ENSG00000108039,Cytoplasm
25196-55909_A_3_5.jpg,ENSG00000108039,Cytoplasm
80286-171665_A_2_5.jpg,ENSG00000108039,Cytoplasm
4611-12237_B_2_4.jpg,ENSG00000108312,Nucleoli
4611-12237_B_3_4.jpg,ENSG00000108312,Nucleoli
6385-17457_B_3_4.jpg,ENSG00000108312,Nucleoli
6385-17457_A_6_5.jpg,ENSG00000108312,Nucleoli
4611-12237_A_5_5.jpg,ENSG00000108312,Nucleoli
6385-17457_A_5_5.jpg,ENSG00000108312,Nucleoli
4611-12237_A_4_5.jpg,ENSG00000108312,Nucleoli
65317-144790_A_1_5.jpg,ENSG00000109586,Golgi Apparatus
64243-144785_A_2_5.jpg,ENSG00000109586,Golgi Apparatus
65317-144790_A_4_5.jpg,ENSG00000109586,Golgi Apparatus
64243-144785_A_6_5.jpg,ENSG00000109586,Golgi Apparatus
64243-144785_A_3_5.jpg,ENSG00000109586,Golgi Apparatus
65317-144790_A_6_5.jpg,ENSG00000109586,Golgi Apparatus
65317-144790_A_3_5.jpg,ENSG00000109586,Golgi Apparatus
64243-144785_A_1_5.jpg,ENSG00000109586,Golgi Apparatus
64243-144785_A_4_5.jpg,ENSG00000109586,Golgi Apparatus
65317-144790_A_2_5.jpg,ENSG00000109586,Golgi Apparatus
75735-159319_A_1_5.jpg,ENSG00000110619,Cytoplasm
75735-159319_A_4_5.jpg,ENSG00000110619,Cytoplasm
75737-159327_A_6_5.jpg,ENSG00000110619,Cytoplasm
75737-159327_A_2_5.jpg,ENSG00000110619,Cytoplasm
75735-159319_A_5_5.jpg,ENSG00000110619,Cytoplasm
75735-159319_A_6_5.jpg,ENSG00000110619,Cytoplasm
75737-159327_A_4_5.jpg,ENSG00000110619,Cytoplasm
75735-159319_A_3_5.jpg,ENSG00000110619,Cytoplasm
75737-159327_A_1_5.jpg,ENSG00000110619,Cytoplasm
75737-159327_A_5_5.jpg,ENSG00000110619,Cytoplasm
75735-159319_A_2_5.jpg,ENSG00000110619,Cytoplasm
4637-11635_B_2_4.jpg,ENSG00000110768,Nucleoplasm
4637-11635_B_3_4.jpg,ENSG00000110768,Nucleoplasm
4637-11635_A_5_5.jpg,ENSG00000110768,Nucleoplasm
4637-11635_A_4_5.jpg,ENSG00000110768,Nucleoplasm
40070-85003_A_3_5.jpg,ENSG00000111011,Nucleoplasm
40070-85003_A_6_5.jpg,ENSG00000111011,Nucleoplasm
40070-85003_A_2_5.jpg,ENSG00000111011,Nucleoplasm
40070-85003_B_2_4.jpg,ENSG00000111011,Nucleoplasm
40070-85003_A_4_5.jpg,ENSG00000111011,Nucleoplasm
40070-85003_A_1_5.jpg,ENSG00000111011,Nucleoplasm
40070-85003_B_1_4.jpg,ENSG00000111011,Nucleoplasm
40070-85003_A_5_5.jpg,ENSG00000111011,Nucleoplasm
12008-51702_A_6_5.jpg,ENSG00000111642,Nucleoplasm
12008-51702_A_5_5.jpg,ENSG00000111642,Nucleoplasm
12008-51702_A_4_5.jpg,ENSG00000111642,Nucleoplasm
29716-62000_A_6_5.jpg,ENSG00000112294,Mitochondria
29716-62000_A_5_5.jpg,ENSG00000112294,Mitochondria
3979-17093_A_4_5.jpg,ENSG00000113643,Cytoplasm
3979-17093_A_5_5.jpg,ENSG00000113643,Cytoplasm
3979-17093_A_6_5.jpg,ENSG00000113643,Cytoplasm
931-2258_A_5_5.jpg,ENSG00000115415,Nucleoplasm;Cytoplasm
931-2258_A_4_5.jpg,ENSG00000115415,Nucleoplasm;Cytoplasm
931-2258_A_6_5.jpg,ENSG00000115415,Nucleoplasm;Cytoplasm
6028-18417_A_5_5.jpg,ENSG00000115641,Cytoplasm
5922-18401_A_6_5.jpg,ENSG00000115641,Cytoplasm
5922-18401_A_5_5.jpg,ENSG00000115641,Cytoplasm
6028-18417_A_6_5.jpg,ENSG00000115641,Cytoplasm
58085-131532_A_2_5.jpg,ENSG00000117222,Nucleoli;Nucleoplasm
58085-131532_A_6_5.jpg,ENSG00000117222,Nucleoli;Nucleoplasm
58085-131532_A_5_5.jpg,ENSG00000117222,Nucleoli;Nucleoplasm
58085-131532_A_4_5.jpg,ENSG00000117222,Nucleoli;Nucleoplasm
58085-131532_A_1_5.jpg,ENSG00000117222,Nucleoli;Nucleoplasm
16538-36325_A_2_5.jpg,ENSG00000117748,Nucleoplasm
16538-36325_A_6_5.jpg,ENSG00000117748,Nucleoplasm
16538-36325_A_3_5.jpg,ENSG00000117748,Nucleoplasm
16538-36325_B_3_4.jpg,ENSG00000117748,Nucleoplasm
26306-59501_A_1_5.jpg,ENSG00000117748,Nucleoplasm
26306-59501_A_2_5.jpg,ENSG00000117748,Nucleoplasm
16538-36325_A_5_5.jpg,ENSG00000117748,Nucleoplasm
26309-59516_A_5_5.jpg,ENSG00000117748,Nucleoplasm
16538-36325_A_1_5.jpg,ENSG00000117748,Nucleoplasm
16538-36325_B_1_4.jpg,ENSG00000117748,Nucleoplasm
26306-59501_A_3_5.jpg,ENSG00000117748,Nucleoplasm
27406-57672_A_6_5.jpg,ENSG00000117751,Nucleoplasm
27452-57665_A_1_5.jpg,ENSG00000117751,Nucleoplasm
27452-57665_A_4_5.jpg,ENSG00000117751,Nucleoplasm
27452-57665_A_5_5.jpg,ENSG00000117751,Nucleoplasm
27417-57669_A_5_5.jpg,ENSG00000117751,Nucleoplasm
27452-57665_A_6_5.jpg,ENSG00000117751,Nucleoplasm
27406-57672_A_4_5.jpg,ENSG00000117751,Nucleoplasm
27452-57665_A_3_5.jpg,ENSG00000117751,Nucleoplasm
27417-57669_A_4_5.jpg,ENSG00000117751,Nucleoplasm
27406-57672_A_5_5.jpg,ENSG00000117751,Nucleoplasm
27452-57665_A_2_5.jpg,ENSG00000117751,Nucleoplasm
2665-6745_A_8_4.jpg,ENSG00000122705,Vesicles
2665-6745_A_7_4.jpg,ENSG00000122705,Vesicles
2665-6745_A_9_4.jpg,ENSG00000122705,Vesicles
50918-134766_A_6_5.jpg,ENSG00000122705,Vesicles
27897-62897_A_6_5.jpg,ENSG00000124789,Nuclear membrane
27897-62897_A_5_5.jpg,ENSG00000124789,Nuclear membrane
27898-62893_A_4_5.jpg,ENSG00000124789,Nuclear membrane
27897-62897_A_4_5.jpg,ENSG00000124789,Nuclear membrane
27898-62893_A_5_5.jpg,ENSG00000124789,Nuclear membrane
31484-66542_A_5_5.jpg,ENSG00000130699,Nucleoplasm
31484-66542_A_4_5.jpg,ENSG00000130699,Nucleoplasm
31484-66542_A_6_5.jpg,ENSG00000130699,Nucleoplasm
41154-87996_A_2_5.jpg,ENSG00000132300,Mitochondria
41154-87996_A_3_5.jpg,ENSG00000132300,Mitochondria
41154-87996_A_6_5.jpg,ENSG00000132300,Mitochondria
41154-87996_A_4_5.jpg,ENSG00000132300,Mitochondria
45666-110332_A_1_5.jpg,ENSG00000136051,Nucleoplasm
46737-110328_A_6_5.jpg,ENSG00000136051,Nucleoplasm
46737-110328_A_3_5.jpg,ENSG00000136051,Nucleoplasm
45666-110332_A_5_5.jpg,ENSG00000136051,Nucleoplasm
46737-110328_A_2_5.jpg,ENSG00000136051,Nucleoplasm
45666-110332_A_6_5.jpg,ENSG00000136051,Nucleoplasm
46737-110328_A_1_5.jpg,ENSG00000136051,Nucleoplasm
45666-110332_A_3_5.jpg,ENSG00000136051,Nucleoplasm
45666-110332_A_2_5.jpg,ENSG00000136051,Nucleoplasm
46737-110328_A_5_5.jpg,ENSG00000136051,Nucleoplasm
20273-46620_A_1_5.jpg,ENSG00000136280,Mitochondria
20273-46620_A_5_5.jpg,ENSG00000136280,Mitochondria
20273-46620_A_6_5.jpg,ENSG00000136280,Mitochondria
63597-146986_A_6_5.jpg,ENSG00000136527,Nucleoplasm
11692-30923_A_4_5.jpg,ENSG00000136527,Nucleoplasm
11692-30923_A_1_5.jpg,ENSG00000136527,Nucleoplasm
11692-30923_A_2_5.jpg,ENSG00000136527,Nucleoplasm
63597-146986_A_4_5.jpg,ENSG00000136527,Nucleoplasm
11692-30923_A_3_5.jpg,ENSG00000136527,Nucleoplasm
63597-146986_A_5_5.jpg,ENSG00000136527,Nucleoplasm
11692-30923_A_6_5.jpg,ENSG00000136527,Nucleoplasm
22248-49654_B_3_4.jpg,ENSG00000136875,Nucleoplasm
21794-49650_A_2_5.jpg,ENSG00000136875,Nucleoplasm
22248-49654_A_6_5.jpg,ENSG00000136875,Nucleoplasm
21794-49650_A_6_5.jpg,ENSG00000136875,Nucleoplasm
22248-49654_B_2_4.jpg,ENSG00000136875,Nucleoplasm
21794-49650_A_3_5.jpg,ENSG00000136875,Nucleoplasm
22248-49654_A_4_5.jpg,ENSG00000136875,Nucleoplasm
21794-49650_A_5_5.jpg,ENSG00000136875,Nucleoplasm
22248-49654_B_1_4.jpg,ENSG00000136875,Nucleoplasm
21794-49650_A_1_5.jpg,ENSG00000136875,Nucleoplasm
22248-49654_A_5_5.jpg,ENSG00000136875,Nucleoplasm
21794-49650_A_4_5.jpg,ENSG00000136875,Nucleoplasm
67561-154718_A_6_5.jpg,ENSG00000139223,Nucleoplasm
63133-154730_A_2_5.jpg,ENSG00000139223,Nucleoplasm
63133-154730_B_2_4.jpg,ENSG00000139223,Nucleoplasm
67561-154718_A_3_5.jpg,ENSG00000139223,Nucleoplasm
63133-154730_A_6_5.jpg,ENSG00000139223,Nucleoplasm
63133-154730_A_3_5.jpg,ENSG00000139223,Nucleoplasm
63133-154730_B_3_4.jpg,ENSG00000139223,Nucleoplasm
67561-154718_A_2_5.jpg,ENSG00000139223,Nucleoplasm
67561-154718_A_1_5.jpg,ENSG00000139223,Nucleoplasm
63133-154730_A_5_5.jpg,ENSG00000139223,Nucleoplasm
67561-154718_A_4_5.jpg,ENSG00000139223,Nucleoplasm
63133-154730_A_1_5.jpg,ENSG00000139223,Nucleoplasm
63133-154730_A_4_5.jpg,ENSG00000139223,Nucleoplasm
5231-15844_A_6_5.jpg,ENSG00000140350,Nucleoplasm
67561-154718_A_6_5.jpg,ENSG00000140350,Nucleoplasm
5231-15844_A_3_5.jpg,ENSG00000140350,Nucleoplasm
5231-15844_B_3_4.jpg,ENSG00000140350,Nucleoplasm
63133-154730_A_2_5.jpg,ENSG00000140350,Nucleoplasm
63133-154730_B_2_4.jpg,ENSG00000140350,Nucleoplasm
67561-154718_A_3_5.jpg,ENSG00000140350,Nucleoplasm
63133-154730_A_6_5.jpg,ENSG00000140350,Nucleoplasm
5231-15844_A_2_5.jpg,ENSG00000140350,Nucleoplasm
5231-15844_B_2_4.jpg,ENSG00000140350,Nucleoplasm
63133-154730_A_3_5.jpg,ENSG00000140350,Nucleoplasm
63133-154730_B_3_4.jpg,ENSG00000140350,Nucleoplasm
67561-154718_A_2_5.jpg,ENSG00000140350,Nucleoplasm
5231-15844_A_1_5.jpg,ENSG00000140350,Nucleoplasm
5231-15844_B_1_4.jpg,ENSG00000140350,Nucleoplasm
67561-154718_A_1_5.jpg,ENSG00000140350,Nucleoplasm
5231-15844_A_4_5.jpg,ENSG00000140350,Nucleoplasm
63133-154730_A_5_5.jpg,ENSG00000140350,Nucleoplasm
67561-154718_A_4_5.jpg,ENSG00000140350,Nucleoplasm
63133-154730_A_1_5.jpg,ENSG00000140350,Nucleoplasm
5231-15844_A_5_5.jpg,ENSG00000140350,Nucleoplasm
63133-154730_A_4_5.jpg,ENSG00000140350,Nucleoplasm
51176-118462_A_2_5.jpg,ENSG00000140563,Nucleoplasm;Cytoplasm
51176-118462_B_2_4.jpg,ENSG00000140563,Nucleoplasm;Cytoplasm
51176-118462_A_3_5.jpg,ENSG00000140563,Nucleoplasm;Cytoplasm
51176-118462_A_8_4.jpg,ENSG00000140563,Nucleoplasm;Cytoplasm
51176-118462_A_9_4.jpg,ENSG00000140563,Nucleoplasm;Cytoplasm
51176-118462_A_1_5.jpg,ENSG00000140563,Nucleoplasm;Cytoplasm
4480-13732_A_6_5.jpg,ENSG00000141385,Mitochondria
4480-13732_A_4_5.jpg,ENSG00000141385,Mitochondria
4480-13732_A_5_5.jpg,ENSG00000141385,Mitochondria
21193-47610_A_6_5.jpg,ENSG00000143373,Nucleoplasm
21193-47610_A_5_5.jpg,ENSG00000143373,Nucleoplasm
2781-7057_A_6_5.jpg,ENSG00000143384,Mitochondria
2781-7057_A_5_5.jpg,ENSG00000143384,Mitochondria
2781-7057_A_4_5.jpg,ENSG00000143384,Mitochondria
16283-35754_A_4_5.jpg,ENSG00000147133,Nucleoplasm
16283-35754_A_9_4.jpg,ENSG00000147133,Nucleoplasm
16283-35754_A_1_5.jpg,ENSG00000147133,Nucleoplasm
16283-35754_A_5_5.jpg,ENSG00000147133,Nucleoplasm
16283-35754_A_8_4.jpg,ENSG00000147133,Nucleoplasm
16283-35754_A_7_4.jpg,ENSG00000147133,Nucleoplasm
16283-35754_A_6_5.jpg,ENSG00000147133,Nucleoplasm
16283-35754_A_2_5.jpg,ENSG00000147133,Nucleoplasm
37075-84374_A_2_5.jpg,ENSG00000154473,Nucleoplasm
37075-84374_A_3_5.jpg,ENSG00000154473,Nucleoplasm
37075-84374_A_6_5.jpg,ENSG00000154473,Nucleoplasm
3601-11198_A_5_5.jpg,ENSG00000154473,Nucleoplasm
37075-84374_A_5_5.jpg,ENSG00000154473,Nucleoplasm
3601-11198_A_4_5.jpg,ENSG00000154473,Nucleoplasm
37075-84374_A_4_5.jpg,ENSG00000154473,Nucleoplasm
37075-84374_A_1_5.jpg,ENSG00000154473,Nucleoplasm
19907-46588_A_5_5.jpg,ENSG00000158941,Nucleoplasm
19943-46592_A_1_5.jpg,ENSG00000158941,Nucleoplasm
72827-152866_A_3_5.jpg,ENSG00000158941,Nucleoplasm
19943-46592_A_4_5.jpg,ENSG00000158941,Nucleoplasm
72827-152866_A_6_5.jpg,ENSG00000158941,Nucleoplasm
19907-46588_A_4_5.jpg,ENSG00000158941,Nucleoplasm
72827-152866_A_2_5.jpg,ENSG00000158941,Nucleoplasm
19943-46592_A_5_5.jpg,ENSG00000158941,Nucleoplasm
19943-46592_A_6_5.jpg,ENSG00000158941,Nucleoplasm
72827-152866_A_4_5.jpg,ENSG00000158941,Nucleoplasm
19943-46592_A_3_5.jpg,ENSG00000158941,Nucleoplasm
72827-152866_A_1_5.jpg,ENSG00000158941,Nucleoplasm
19907-46588_A_6_5.jpg,ENSG00000158941,Nucleoplasm
4217-11751_A_2_5.jpg,ENSG00000159692,Nucleoplasm
4217-11751_B_2_4.jpg,ENSG00000159692,Nucleoplasm
4217-11751_A_3_5.jpg,ENSG00000159692,Nucleoplasm
4217-11751_A_5_5.jpg,ENSG00000159692,Nucleoplasm
4217-11751_A_1_5.jpg,ENSG00000159692,Nucleoplasm
4217-11751_A_4_5.jpg,ENSG00000159692,Nucleoplasm
17800-39909_A_5_5.jpg,ENSG00000160957,Nucleoplasm
17800-39909_A_4_5.jpg,ENSG00000160957,Nucleoplasm
21192-49196_A_1_5.jpg,ENSG00000161533,Vesicles
21192-49196_A_3_5.jpg,ENSG00000161533,Vesicles
39673-89268_A_5_5.jpg,ENSG00000161813,Cytoplasm
39673-89268_A_6_5.jpg,ENSG00000161813,Cytoplasm
34695-75860_A_4_5.jpg,ENSG00000163605,Nucleoplasm
34695-75860_A_1_5.jpg,ENSG00000163605,Nucleoplasm
34695-75860_A_5_5.jpg,ENSG00000163605,Nucleoplasm
39837-102769_A_3_5.jpg,ENSG00000163605,Nucleoplasm
34695-75860_A_3_5.jpg,ENSG00000163605,Nucleoplasm
34695-75860_A_6_5.jpg,ENSG00000163605,Nucleoplasm
34695-75860_A_2_5.jpg,ENSG00000163605,Nucleoplasm
39837-102769_A_1_5.jpg,ENSG00000163605,Nucleoplasm
19543-44010_A_6_5.jpg,ENSG00000164466,Mitochondria
19543-44010_A_4_5.jpg,ENSG00000164466,Mitochondria
19543-44010_A_5_5.jpg,ENSG00000164466,Mitochondria
20300-47072_A_6_5.jpg,ENSG00000164597,Golgi Apparatus
20300-47072_A_5_5.jpg,ENSG00000164597,Golgi Apparatus
20300-47072_A_4_5.jpg,ENSG00000164597,Golgi Apparatus
12728-30453_A_5_5.jpg,ENSG00000165280,Nucleoplasm;Cytoplasm
12814-30449_A_1_5.jpg,ENSG00000165280,Nucleoplasm;Cytoplasm
12814-30449_A_4_5.jpg,ENSG00000165280,Nucleoplasm;Cytoplasm
12728-30453_A_4_5.jpg,ENSG00000165280,Nucleoplasm;Cytoplasm
12728-30453_B_1_4.jpg,ENSG00000165280,Nucleoplasm;Cytoplasm
12814-30449_A_5_5.jpg,ENSG00000165280,Nucleoplasm;Cytoplasm
12728-30453_A_2_5.jpg,ENSG00000165280,Nucleoplasm;Cytoplasm
12728-30453_B_2_4.jpg,ENSG00000165280,Nucleoplasm;Cytoplasm
12814-30449_A_3_5.jpg,ENSG00000165280,Nucleoplasm;Cytoplasm
12728-30453_A_3_5.jpg,ENSG00000165280,Nucleoplasm;Cytoplasm
12728-30453_B_3_4.jpg,ENSG00000165280,Nucleoplasm;Cytoplasm
12814-30449_A_2_5.jpg,ENSG00000165280,Nucleoplasm;Cytoplasm
3901-21010_A_4_5.jpg,ENSG00000166598,Endoplasmic Reticulum
5224-15657_A_4_5.jpg,ENSG00000166598,Endoplasmic Reticulum
3901-21010_A_1_5.jpg,ENSG00000166598,Endoplasmic Reticulum
5224-15657_A_1_5.jpg,ENSG00000166598,Endoplasmic Reticulum
8424-23452_A_2_5.jpg,ENSG00000166598,Endoplasmic Reticulum
5224-15657_A_5_5.jpg,ENSG00000166598,Endoplasmic Reticulum
8424-23452_A_3_5.jpg,ENSG00000166598,Endoplasmic Reticulum
3901-21010_A_3_5.jpg,ENSG00000166598,Endoplasmic Reticulum
5224-15657_A_3_5.jpg,ENSG00000166598,Endoplasmic Reticulum
5224-15657_A_6_5.jpg,ENSG00000166598,Endoplasmic Reticulum
3901-21010_A_2_5.jpg,ENSG00000166598,Endoplasmic Reticulum
5224-15657_A_2_5.jpg,ENSG00000166598,Endoplasmic Reticulum
8424-23452_A_1_5.jpg,ENSG00000166598,Endoplasmic Reticulum
9049-25870_A_1_5.jpg,ENSG00000166747,Vesicles;Cytoplasm
9049-25870_A_4_5.jpg,ENSG00000166747,Vesicles;Cytoplasm
9049-25870_A_2_5.jpg,ENSG00000166747,Vesicles;Cytoplasm
9049-25870_A_6_5.jpg,ENSG00000166747,Vesicles;Cytoplasm
9049-25870_A_3_5.jpg,ENSG00000166747,Vesicles;Cytoplasm
69409-153288_A_4_5.jpg,ENSG00000166949,Nucleoplasm;Cytoplasm
69409-153288_A_6_5.jpg,ENSG00000166949,Nucleoplasm;Cytoplasm
41506-87815_A_6_5.jpg,ENSG00000168488,Cytoplasm
41506-87815_A_5_5.jpg,ENSG00000168488,Cytoplasm
41506-87815_A_4_5.jpg,ENSG00000168488,Cytoplasm
41508-90776_A_5_5.jpg,ENSG00000169217,Nucleoplasm;Cytoplasm
41508-90776_A_4_5.jpg,ENSG00000169217,Nucleoplasm;Cytoplasm
61309-146025_A_4_5.jpg,ENSG00000169217,Nucleoplasm;Cytoplasm
41508-90776_A_6_5.jpg,ENSG00000169217,Nucleoplasm;Cytoplasm
54408-122599_A_4_5.jpg,ENSG00000169976,Nucleoplasm
54408-122599_A_5_5.jpg,ENSG00000169976,Nucleoplasm
62021-157054_A_1_5.jpg,ENSG00000177613,Nucleoplasm
62021-157054_B_1_4.jpg,ENSG00000177613,Nucleoplasm
62021-157054_A_3_5.jpg,ENSG00000177613,Nucleoplasm
62021-157054_B_3_4.jpg,ENSG00000177613,Nucleoplasm
62021-157054_A_2_5.jpg,ENSG00000177613,Nucleoplasm
62021-157054_B_2_4.jpg,ENSG00000177613,Nucleoplasm
40832-87973_A_2_5.jpg,ENSG00000180357,Nucleoplasm
40742-87965_A_1_5.jpg,ENSG00000180357,Nucleoplasm
40832-87973_A_3_5.jpg,ENSG00000180357,Nucleoplasm
40742-87965_A_2_5.jpg,ENSG00000180357,Nucleoplasm
40742-87965_A_3_5.jpg,ENSG00000180357,Nucleoplasm
41213-88098_A_4_5.jpg,ENSG00000186010,Mitochondria
41213-88098_A_2_5.jpg,ENSG00000186010,Mitochondria
41213-88098_A_3_5.jpg,ENSG00000186010,Mitochondria
41213-88098_A_6_5.jpg,ENSG00000186010,Mitochondria
11625-31423_A_3_5.jpg,ENSG00000186834,Vesicles;Nucleoplasm
11625-31423_A_6_5.jpg,ENSG00000186834,Vesicles;Nucleoplasm
8926-24299_A_5_5.jpg,ENSG00000186834,Vesicles;Nucleoplasm
11625-31423_A_2_5.jpg,ENSG00000186834,Vesicles;Nucleoplasm
8926-24299_A_1_5.jpg,ENSG00000186834,Vesicles;Nucleoplasm
8926-24299_A_4_5.jpg,ENSG00000186834,Vesicles;Nucleoplasm
11625-31423_A_4_5.jpg,ENSG00000186834,Vesicles;Nucleoplasm
11625-31423_A_1_5.jpg,ENSG00000186834,Vesicles;Nucleoplasm
8926-24299_A_2_5.jpg,ENSG00000186834,Vesicles;Nucleoplasm
11625-31423_A_5_5.jpg,ENSG00000186834,Vesicles;Nucleoplasm
8926-24299_A_6_5.jpg,ENSG00000186834,Vesicles;Nucleoplasm
8926-24299_A_3_5.jpg,ENSG00000186834,Vesicles;Nucleoplasm
47303-103858_A_4_5.jpg,ENSG00000187134,Cytoplasm
38272-80307_A_5_5.jpg,ENSG00000196504,Nucleoplasm
38273-80241_A_5_5.jpg,ENSG00000196504,Nucleoplasm
38272-80307_A_4_5.jpg,ENSG00000196504,Nucleoplasm
38273-80241_A_4_5.jpg,ENSG00000196504,Nucleoplasm
38272-80307_A_1_5.jpg,ENSG00000196504,Nucleoplasm
38272-80307_A_2_5.jpg,ENSG00000196504,Nucleoplasm
38272-80307_A_3_5.jpg,ENSG00000196504,Nucleoplasm
38272-80307_A_6_5.jpg,ENSG00000196504,Nucleoplasm
38273-80241_A_6_5.jpg,ENSG00000196504,Nucleoplasm
7187-21141_A_8_4.jpg,ENSG00000204356,Nucleoplasm
7187-21141_A_7_4.jpg,ENSG00000204356,Nucleoplasm
7187-21141_A_4_5.jpg,ENSG00000204356,Nucleoplasm
7187-21141_A_9_4.jpg,ENSG00000204356,Nucleoplasm
41632-88302_A_6_5.jpg,ENSG00000214753,Nucleoplasm
41632-88302_A_4_5.jpg,ENSG00000214753,Nucleoplasm
41632-88302_A_5_5.jpg,ENSG00000214753,Nucleoplasm
26335-54298_A_1_5.jpg,ENSG00000215021,Mitochondria
39874-103130_A_3_5.jpg,ENSG00000215021,Mitochondria
26335-54298_A_4_5.jpg,ENSG00000215021,Mitochondria
26335-54298_A_5_5.jpg,ENSG00000215021,Mitochondria
26335-54298_A_6_5.jpg,ENSG00000215021,Mitochondria
26335-54298_A_3_5.jpg,ENSG00000215021,Mitochondria
39874-103130_A_5_5.jpg,ENSG00000215021,Mitochondria
39874-103130_A_8_4.jpg,ENSG00000215021,Mitochondria
26335-54298_A_2_5.jpg,ENSG00000215021,Mitochondria
39874-103130_A_7_4.jpg,ENSG00000215021,Mitochondria
41113-107544_A_4_5.jpg,ENSG00000239672,Cytoplasm
80152-171355_A_5_5.jpg,ENSG00000239672,Cytoplasm
41113-107544_A_1_5.jpg,ENSG00000239672,Cytoplasm
80149-171348_A_5_5.jpg,ENSG00000239672,Cytoplasm
40571-84790_A_6_5.jpg,ENSG00000239672,Cytoplasm
41113-107544_A_3_5.jpg,ENSG00000239672,Cytoplasm
80152-171355_B_2_4.jpg,ENSG00000239672,Cytoplasm
40571-84790_A_5_5.jpg,ENSG00000239672,Cytoplasm
80149-171348_B_2_4.jpg,ENSG00000239672,Cytoplasm
41113-107544_A_2_5.jpg,ENSG00000239672,Cytoplasm
80149-171348_A_6_5.jpg,ENSG00000239672,Cytoplasm
80152-171355_B_3_4.jpg,ENSG00000239672,Cytoplasm
80149-171348_B_3_4.jpg,ENSG00000239672,Cytoplasm
80152-171355_A_6_5.jpg,ENSG00000239672,Cytoplasm
8467-22580_A_5_5.jpg,ENSG00000239672,Cytoplasm
6312-17199_A_6_5.jpg,ENSG00000240682,Nucleoplasm
6312-17199_A_3_5.jpg,ENSG00000240682,Nucleoplasm
6312-17199_A_2_5.jpg,ENSG00000240682,Nucleoplasm
6312-17199_A_1_5.jpg,ENSG00000240682,Nucleoplasm
6312-17199_A_4_5.jpg,ENSG00000240682,Nucleoplasm
6312-17199_A_9_4.jpg,ENSG00000240682,Nucleoplasm
6312-17199_A_7_4.jpg,ENSG00000240682,Nucleoplasm
6312-17199_A_8_4.jpg,ENSG00000240682,Nucleoplasm
18403-42001_A_2_5.jpg,ENSG00000265241,Nucleoplasm
18403-42001_A_3_5.jpg,ENSG00000265241,Nucleoplasm
18403-42001_A_5_5.jpg,ENSG00000265241,Nucleoplasm
18403-42001_A_4_5.jpg,ENSG00000265241,Nucleoplasm
18403-42001_A_1_5.jpg,ENSG00000265241,Nucleoplasm
50779-123398_A_6_5.jpg,ENSG00000001167,Nucleoplasm
50779-123398_A_4_5.jpg,ENSG00000001167,Nucleoplasm
64732-171292_A_5_5.jpg,ENSG00000004975,Nucleoplasm
64732-171292_A_4_5.jpg,ENSG00000004975,Nucleoplasm
19669-44644_A_5_5.jpg,ENSG00000029725,Vesicles
24235-53959_A_4_5.jpg,ENSG00000029725,Vesicles
19669-44644_A_4_5.jpg,ENSG00000029725,Vesicles
24235-53959_A_5_5.jpg,ENSG00000029725,Vesicles
24691-53969_B_3_4.jpg,ENSG00000029725,Vesicles
24691-53969_B_2_4.jpg,ENSG00000029725,Vesicles
38151-81129_A_2_5.jpg,ENSG00000036054,Golgi Apparatus
38151-81129_A_3_5.jpg,ENSG00000036054,Golgi Apparatus
38151-81129_A_5_5.jpg,ENSG00000036054,Golgi Apparatus
38151-81129_A_4_5.jpg,ENSG00000036054,Golgi Apparatus
38151-81129_A_1_5.jpg,ENSG00000036054,Golgi Apparatus
19080-44184_A_6_5.jpg,ENSG00000042493,Nucleoplasm
19080-44184_A_4_5.jpg,ENSG00000042493,Nucleoplasm
19080-44184_A_5_5.jpg,ENSG00000042493,Nucleoplasm
21089-48169_A_3_5.jpg,ENSG00000044115,Plasma Membrane
63535-171528_A_6_5.jpg,ENSG00000044115,Plasma Membrane
21089-48169_A_2_5.jpg,ENSG00000044115,Plasma Membrane
46119-124809_A_6_5.jpg,ENSG00000044115,Plasma Membrane
21089-48169_A_9_4.jpg,ENSG00000044115,Plasma Membrane
46119-124809_A_5_5.jpg,ENSG00000044115,Plasma Membrane
21089-48169_A_1_5.jpg,ENSG00000044115,Plasma Membrane
63535-171528_A_4_5.jpg,ENSG00000044115,Plasma Membrane
63535-171528_A_9_4.jpg,ENSG00000044115,Plasma Membrane
21089-48169_A_8_4.jpg,ENSG00000044115,Plasma Membrane
46119-124809_A_4_5.jpg,ENSG00000044115,Plasma Membrane
63535-171528_A_7_4.jpg,ENSG00000044115,Plasma Membrane
21089-48169_A_7_4.jpg,ENSG00000044115,Plasma Membrane
63535-171528_A_5_5.jpg,ENSG00000044115,Plasma Membrane
63535-171528_A_8_4.jpg,ENSG00000044115,Plasma Membrane
57159-168851_A_3_5.jpg,ENSG00000065978,Cytoplasm
57159-168851_A_2_5.jpg,ENSG00000065978,Cytoplasm
57159-168851_A_4_5.jpg,ENSG00000065978,Cytoplasm
57159-168851_A_1_5.jpg,ENSG00000065978,Cytoplasm
57159-168851_A_5_5.jpg,ENSG00000065978,Cytoplasm
79980-170627_A_3_5.jpg,ENSG00000067369,Nucleoplasm
22133-49261_A_5_5.jpg,ENSG00000067369,Nucleoplasm
79980-170627_A_6_5.jpg,ENSG00000067369,Nucleoplasm
22133-49261_A_1_5.jpg,ENSG00000067369,Nucleoplasm
4083-11369_A_1_5.jpg,ENSG00000067369,Nucleoplasm
79980-170627_A_2_5.jpg,ENSG00000067369,Nucleoplasm
22133-49261_A_4_5.jpg,ENSG00000067369,Nucleoplasm
22133-49261_A_2_5.jpg,ENSG00000067369,Nucleoplasm
4083-11369_A_2_5.jpg,ENSG00000067369,Nucleoplasm
79980-170627_A_1_5.jpg,ENSG00000067369,Nucleoplasm
22133-49261_A_6_5.jpg,ENSG00000067369,Nucleoplasm
22133-49261_A_3_5.jpg,ENSG00000067369,Nucleoplasm
4083-11369_A_3_5.jpg,ENSG00000067369,Nucleoplasm
4652-15432_A_5_5.jpg,ENSG00000077312,Nucleoplasm
4652-15432_A_8_4.jpg,ENSG00000077312,Nucleoplasm
4652-15432_A_7_4.jpg,ENSG00000077312,Nucleoplasm
4652-15432_A_4_5.jpg,ENSG00000077312,Nucleoplasm
4652-15432_A_9_4.jpg,ENSG00000077312,Nucleoplasm
4652-15432_A_1_5.jpg,ENSG00000077312,Nucleoplasm
4652-15432_A_2_5.jpg,ENSG00000077312,Nucleoplasm
4652-15432_A_3_5.jpg,ENSG00000077312,Nucleoplasm
4652-15432_A_6_5.jpg,ENSG00000077312,Nucleoplasm
44111-132856_A_2_5.jpg,ENSG00000078237,Cytoplasm
44111-132856_A_3_5.jpg,ENSG00000078237,Cytoplasm
40354-106310_A_4_5.jpg,ENSG00000078237,Cytoplasm
40354-106310_A_9_4.jpg,ENSG00000078237,Cytoplasm
40354-106310_A_7_4.jpg,ENSG00000078237,Cytoplasm
40354-106310_A_5_5.jpg,ENSG00000078237,Cytoplasm
40354-106310_A_8_4.jpg,ENSG00000078237,Cytoplasm
44111-132856_A_1_5.jpg,ENSG00000078237,Cytoplasm
76042-171102_B_1_4.jpg,ENSG00000081307,Cytoplasm
76042-171102_B_2_4.jpg,ENSG00000081307,Cytoplasm
76042-171102_B_3_4.jpg,ENSG00000081307,Cytoplasm
45028-103441_A_5_5.jpg,ENSG00000087365,Nucleoplasm
45028-103441_A_1_5.jpg,ENSG00000087365,Nucleoplasm
45028-103441_A_6_5.jpg,ENSG00000087365,Nucleoplasm
45028-103441_A_3_5.jpg,ENSG00000087365,Nucleoplasm
51075-124984_A_1_5.jpg,ENSG00000092199,Nucleoplasm
5223-13358_A_5_5.jpg,ENSG00000092199,Nucleoplasm
5223-13358_A_8_4.jpg,ENSG00000092199,Nucleoplasm
75756-159331_A_6_5.jpg,ENSG00000092199,Nucleoplasm
51075-124984_A_4_5.jpg,ENSG00000092199,Nucleoplasm
5223-13358_A_7_4.jpg,ENSG00000092199,Nucleoplasm
75755-159385_A_5_5.jpg,ENSG00000092199,Nucleoplasm
5223-13358_A_4_5.jpg,ENSG00000092199,Nucleoplasm
5223-13358_A_9_4.jpg,ENSG00000092199,Nucleoplasm
51075-124984_A_5_5.jpg,ENSG00000092199,Nucleoplasm
5223-13358_A_1_5.jpg,ENSG00000092199,Nucleoplasm
5223-13358_B_1_4.jpg,ENSG00000092199,Nucleoplasm
51075-124984_A_6_5.jpg,ENSG00000092199,Nucleoplasm
5223-13358_A_2_5.jpg,ENSG00000092199,Nucleoplasm
5223-13358_B_2_4.jpg,ENSG00000092199,Nucleoplasm
51075-124984_A_3_5.jpg,ENSG00000092199,Nucleoplasm
5223-13358_A_3_5.jpg,ENSG00000092199,Nucleoplasm
5223-13358_B_3_4.jpg,ENSG00000092199,Nucleoplasm
75755-159385_A_6_5.jpg,ENSG00000092199,Nucleoplasm
51075-124984_A_2_5.jpg,ENSG00000092199,Nucleoplasm
5223-13358_A_6_5.jpg,ENSG00000092199,Nucleoplasm
75756-159331_A_5_5.jpg,ENSG00000092199,Nucleoplasm
37573-77739_A_6_5.jpg,ENSG00000095139,Golgi Apparatus;Vesicles
37573-77739_A_4_5.jpg,ENSG00000095139,Golgi Apparatus;Vesicles
31093-66768_A_3_5.jpg,ENSG00000096060,Nucleoplasm
31095-67189_A_1_5.jpg,ENSG00000096060,Nucleoplasm
31093-66768_A_2_5.jpg,ENSG00000096060,Nucleoplasm
31095-67189_A_3_5.jpg,ENSG00000096060,Nucleoplasm
31095-67189_A_2_5.jpg,ENSG00000096060,Nucleoplasm
994-2281_A_6_5.jpg,ENSG00000100348,Mitochondria
994-2281_A_3_5.jpg,ENSG00000100348,Mitochondria
994-2281_A_2_5.jpg,ENSG00000100348,Mitochondria
8681-23625_A_5_5.jpg,ENSG00000100348,Mitochondria
994-2281_A_1_5.jpg,ENSG00000100348,Mitochondria
994-2281_A_4_5.jpg,ENSG00000100348,Mitochondria
8681-23625_A_4_5.jpg,ENSG00000100348,Mitochondria
994-2281_A_5_5.jpg,ENSG00000100348,Mitochondria
4293-12149_A_1_5.jpg,ENSG00000100401,Nuclear membrane;Vesicles;Cytoplasm
4293-12149_A_4_5.jpg,ENSG00000100401,Nuclear membrane;Vesicles;Cytoplasm
50110-123308_A_1_5.jpg,ENSG00000100401,Nuclear membrane;Vesicles;Cytoplasm
4293-12149_A_5_5.jpg,ENSG00000100401,Nuclear membrane;Vesicles;Cytoplasm
50110-123308_A_4_5.jpg,ENSG00000100401,Nuclear membrane;Vesicles;Cytoplasm
4293-12149_A_6_5.jpg,ENSG00000100401,Nuclear membrane;Vesicles;Cytoplasm
4293-12149_A_3_5.jpg,ENSG00000100401,Nuclear membrane;Vesicles;Cytoplasm
4293-12406_B_2_4.jpg,ENSG00000100401,Nuclear membrane;Vesicles;Cytoplasm
50110-123308_A_2_5.jpg,ENSG00000100401,Nuclear membrane;Vesicles;Cytoplasm
50110-123308_A_6_5.jpg,ENSG00000100401,Nuclear membrane;Vesicles;Cytoplasm
4293-12149_A_2_5.jpg,ENSG00000100401,Nuclear membrane;Vesicles;Cytoplasm
50110-123308_A_3_5.jpg,ENSG00000100401,Nuclear membrane;Vesicles;Cytoplasm
1378-4535_A_4_5.jpg,ENSG00000100941,Nucleoplasm
1378-4535_A_5_5.jpg,ENSG00000100941,Nucleoplasm
51759-126168_A_6_5.jpg,ENSG00000101210,Nucleoli;Cytoplasm
51759-126168_A_4_5.jpg,ENSG00000101210,Nucleoli;Cytoplasm
51759-126168_A_5_5.jpg,ENSG00000101210,Nucleoli;Cytoplasm
504-980_A_5_5.jpg,ENSG00000102241,Nucleoplasm
504-980_A_8_4.jpg,ENSG00000102241,Nucleoplasm
504-980_A_7_4.jpg,ENSG00000102241,Nucleoplasm
504-980_A_9_4.jpg,ENSG00000102241,Nucleoplasm
504-980_B_1_4.jpg,ENSG00000102241,Nucleoplasm
504-980_A_2_5.jpg,ENSG00000102241,Nucleoplasm
504-980_B_2_4.jpg,ENSG00000102241,Nucleoplasm
504-980_A_3_5.jpg,ENSG00000102241,Nucleoplasm
504-980_B_3_4.jpg,ENSG00000102241,Nucleoplasm
504-980_A_6_5.jpg,ENSG00000102241,Nucleoplasm
13097-28459_A_6_5.jpg,ENSG00000103769,Vesicles;Cytoplasm
13097-28459_A_4_5.jpg,ENSG00000103769,Vesicles;Cytoplasm
35239-70413_A_6_5.jpg,ENSG00000105281,Plasma Membrane
35240-70074_A_3_5.jpg,ENSG00000105281,Plasma Membrane
35239-70413_A_3_5.jpg,ENSG00000105281,Plasma Membrane
35240-70074_A_6_5.jpg,ENSG00000105281,Plasma Membrane
35240-70074_A_2_5.jpg,ENSG00000105281,Plasma Membrane
35239-70413_A_2_5.jpg,ENSG00000105281,Plasma Membrane
35240-70074_A_4_5.jpg,ENSG00000105281,Plasma Membrane
35239-70413_A_4_5.jpg,ENSG00000105281,Plasma Membrane
35240-70074_A_5_5.jpg,ENSG00000105281,Plasma Membrane
35239-70413_A_5_5.jpg,ENSG00000105281,Plasma Membrane
4890-15401_A_3_5.jpg,ENSG00000105705,Nucleoplasm
4890-15401_A_5_5.jpg,ENSG00000105705,Nucleoplasm
4890-15401_A_4_5.jpg,ENSG00000105705,Nucleoplasm
4890-15401_A_1_5.jpg,ENSG00000105705,Nucleoplasm
17107-39742_A_9_4.jpg,ENSG00000107159,Plasma Membrane
17107-39742_A_8_4.jpg,ENSG00000107159,Plasma Membrane
17107-39742_A_7_4.jpg,ENSG00000107159,Plasma Membrane
36656-78803_A_2_5.jpg,ENSG00000109814,Nucleoplasm
34444-78807_A_2_5.jpg,ENSG00000109814,Nucleoplasm
36656-78803_A_3_5.jpg,ENSG00000109814,Nucleoplasm
34444-78807_A_3_5.jpg,ENSG00000109814,Nucleoplasm
34444-78807_A_1_5.jpg,ENSG00000109814,Nucleoplasm
36656-78803_A_1_5.jpg,ENSG00000109814,Nucleoplasm
12448-27129_A_5_5.jpg,ENSG00000110107,Nucleoplasm
38051-113063_A_2_5.jpg,ENSG00000110107,Nucleoplasm
59070-133443_A_6_5.jpg,ENSG00000110107,Nucleoplasm
12448-27129_A_4_5.jpg,ENSG00000110107,Nucleoplasm
38051-113063_A_6_5.jpg,ENSG00000110107,Nucleoplasm
38051-113063_A_3_5.jpg,ENSG00000110107,Nucleoplasm
59070-133443_A_4_5.jpg,ENSG00000110107,Nucleoplasm
38051-113063_A_1_5.jpg,ENSG00000110107,Nucleoplasm
59070-133443_A_5_5.jpg,ENSG00000110107,Nucleoplasm
12448-27129_A_6_5.jpg,ENSG00000110107,Nucleoplasm
38051-113063_A_4_5.jpg,ENSG00000110107,Nucleoplasm
6773-20768_A_1_5.jpg,ENSG00000110321,Cytoplasm
16965-39650_A_6_5.jpg,ENSG00000110321,Cytoplasm
6773-20768_A_4_5.jpg,ENSG00000110321,Cytoplasm
6773-20768_A_9_4.jpg,ENSG00000110321,Cytoplasm
6773-20768_A_7_4.jpg,ENSG00000110321,Cytoplasm
6773-20768_A_5_5.jpg,ENSG00000110321,Cytoplasm
6773-20768_A_8_4.jpg,ENSG00000110321,Cytoplasm
16965-39650_A_4_5.jpg,ENSG00000110321,Cytoplasm
6773-20768_A_3_5.jpg,ENSG00000110321,Cytoplasm
16965-39650_A_5_5.jpg,ENSG00000110321,Cytoplasm
6773-20768_A_2_5.jpg,ENSG00000110321,Cytoplasm
19007-43808_A_9_4.jpg,ENSG00000111716,Cytoplasm
4641-15448_A_6_5.jpg,ENSG00000111716,Cytoplasm
19007-43808_A_7_4.jpg,ENSG00000111716,Cytoplasm
19007-43808_A_8_4.jpg,ENSG00000111716,Cytoplasm
4641-15448_A_4_5.jpg,ENSG00000111716,Cytoplasm
4641-15448_A_9_4.jpg,ENSG00000111716,Cytoplasm
4641-15448_A_5_5.jpg,ENSG00000111716,Cytoplasm
4641-15448_A_8_4.jpg,ENSG00000111716,Cytoplasm
4641-15448_A_7_4.jpg,ENSG00000111716,Cytoplasm
48798-147814_A_4_5.jpg,ENSG00000113141,Nucleoplasm
48798-147814_A_5_5.jpg,ENSG00000113141,Nucleoplasm
48798-147814_A_6_5.jpg,ENSG00000113141,Nucleoplasm
18900-44494_A_5_5.jpg,ENSG00000113719,Vesicles
18900-44494_A_4_5.jpg,ENSG00000113719,Vesicles
18900-44494_A_1_5.jpg,ENSG00000113719,Vesicles
18900-44494_A_2_5.jpg,ENSG00000113719,Vesicles
18900-44494_A_3_5.jpg,ENSG00000113719,Vesicles
18900-44494_A_6_5.jpg,ENSG00000113719,Vesicles
44850-104087_A_5_5.jpg,ENSG00000114503,Nucleoplasm
44850-104087_A_6_5.jpg,ENSG00000114503,Nucleoplasm
5017-18248_A_4_5.jpg,ENSG00000116478,Nucleoplasm
68191-152052_A_5_5.jpg,ENSG00000116478,Nucleoplasm
5017-18248_A_1_5.jpg,ENSG00000116478,Nucleoplasm
5017-18090_B_2_4.jpg,ENSG00000116478,Nucleoplasm
5017-18090_B_1_4.jpg,ENSG00000116478,Nucleoplasm
5017-18248_A_3_5.jpg,ENSG00000116478,Nucleoplasm
5017-18248_A_6_5.jpg,ENSG00000116478,Nucleoplasm
5017-18248_A_2_5.jpg,ENSG00000116478,Nucleoplasm
68191-152052_A_6_5.jpg,ENSG00000116478,Nucleoplasm
16610-37286_A_2_5.jpg,ENSG00000120733,Nucleoplasm
16610-37286_B_2_4.jpg,ENSG00000120733,Nucleoplasm
16610-37286_A_6_5.jpg,ENSG00000120733,Nucleoplasm
16610-37286_A_3_5.jpg,ENSG00000120733,Nucleoplasm
16610-37286_B_3_4.jpg,ENSG00000120733,Nucleoplasm
16610-37286_A_5_5.jpg,ENSG00000120733,Nucleoplasm
16610-37286_A_1_5.jpg,ENSG00000120733,Nucleoplasm
16610-37286_B_1_4.jpg,ENSG00000120733,Nucleoplasm
5355-14091_A_2_5.jpg,ENSG00000121774,Nucleoplasm
56813-128553_A_2_5.jpg,ENSG00000121774,Nucleoplasm
56813-128553_B_2_4.jpg,ENSG00000121774,Nucleoplasm
51280-128558_B_1_4.jpg,ENSG00000121774,Nucleoplasm
56813-128553_A_6_5.jpg,ENSG00000121774,Nucleoplasm
51280-128558_A_4_5.jpg,ENSG00000121774,Nucleoplasm
5355-14091_A_3_5.jpg,ENSG00000121774,Nucleoplasm
5355-14091_B_3_4.jpg,ENSG00000121774,Nucleoplasm
56813-128553_A_3_5.jpg,ENSG00000121774,Nucleoplasm
56813-128553_B_3_4.jpg,ENSG00000121774,Nucleoplasm
5355-14091_A_7_4.jpg,ENSG00000121774,Nucleoplasm
51280-128558_B_2_4.jpg,ENSG00000121774,Nucleoplasm
5355-14091_A_5_5.jpg,ENSG00000121774,Nucleoplasm
5355-14091_A_8_4.jpg,ENSG00000121774,Nucleoplasm
56813-128553_A_5_5.jpg,ENSG00000121774,Nucleoplasm
51280-128558_A_6_5.jpg,ENSG00000121774,Nucleoplasm
5355-14091_A_1_5.jpg,ENSG00000121774,Nucleoplasm
5355-14091_B_1_4.jpg,ENSG00000121774,Nucleoplasm
56813-128553_A_1_5.jpg,ENSG00000121774,Nucleoplasm
56813-128553_B_1_4.jpg,ENSG00000121774,Nucleoplasm
5355-14091_A_9_4.jpg,ENSG00000121774,Nucleoplasm
56813-128553_A_4_5.jpg,ENSG00000121774,Nucleoplasm
36662-76997_A_5_5.jpg,ENSG00000121892,Nucleoplasm
36662-76997_A_4_5.jpg,ENSG00000121892,Nucleoplasm
36662-76997_A_6_5.jpg,ENSG00000121892,Nucleoplasm
382-564_A_6_5.jpg,ENSG00000128573,Nucleoplasm
4892-16364_A_6_5.jpg,ENSG00000129315,Nucleoplasm
9016-27576_A_5_5.jpg,ENSG00000129315,Nucleoplasm
9016-27576_A_4_5.jpg,ENSG00000129315,Nucleoplasm
4892-16364_A_4_5.jpg,ENSG00000129315,Nucleoplasm
9016-27576_A_6_5.jpg,ENSG00000129315,Nucleoplasm
4465-20043_A_2_5.jpg,ENSG00000130175,Endoplasmic Reticulum
4465-20043_A_3_5.jpg,ENSG00000130175,Endoplasmic Reticulum
4465-20043_A_6_5.jpg,ENSG00000130175,Endoplasmic Reticulum
4465-20043_A_5_5.jpg,ENSG00000130175,Endoplasmic Reticulum
4465-20043_A_8_4.jpg,ENSG00000130175,Endoplasmic Reticulum
4465-20043_A_7_4.jpg,ENSG00000130175,Endoplasmic Reticulum
4465-20043_A_4_5.jpg,ENSG00000130175,Endoplasmic Reticulum
4465-20043_A_9_4.jpg,ENSG00000130175,Endoplasmic Reticulum
4465-20043_A_1_5.jpg,ENSG00000130175,Endoplasmic Reticulum
37166-73858_A_2_5.jpg,ENSG00000132475,Nucleoplasm
37166-73858_B_2_4.jpg,ENSG00000132475,Nucleoplasm
37221-71346_A_7_4.jpg,ENSG00000132475,Nucleoplasm
42570-103608_A_9_4.jpg,ENSG00000132475,Nucleoplasm
37221-71346_A_5_5.jpg,ENSG00000132475,Nucleoplasm
37221-71346_A_8_4.jpg,ENSG00000132475,Nucleoplasm
37166-73858_A_3_5.jpg,ENSG00000132475,Nucleoplasm
37166-73858_B_3_4.jpg,ENSG00000132475,Nucleoplasm
37187-71814_A_6_5.jpg,ENSG00000132475,Nucleoplasm
37221-71346_B_1_4.jpg,ENSG00000132475,Nucleoplasm
42570-103608_A_5_5.jpg,ENSG00000132475,Nucleoplasm
42570-103608_A_8_4.jpg,ENSG00000132475,Nucleoplasm
37166-73858_A_6_5.jpg,ENSG00000132475,Nucleoplasm
37221-71346_A_4_5.jpg,ENSG00000132475,Nucleoplasm
37221-71346_A_9_4.jpg,ENSG00000132475,Nucleoplasm
42570-103608_A_7_4.jpg,ENSG00000132475,Nucleoplasm
42570-103608_A_3_5.jpg,ENSG00000132475,Nucleoplasm
42570-103608_B_3_4.jpg,ENSG00000132475,Nucleoplasm
37187-71814_A_5_5.jpg,ENSG00000132475,Nucleoplasm
37221-71346_B_2_4.jpg,ENSG00000132475,Nucleoplasm
42570-103608_A_6_5.jpg,ENSG00000132475,Nucleoplasm
37221-71346_A_6_5.jpg,ENSG00000132475,Nucleoplasm
42570-103608_B_2_4.jpg,ENSG00000132475,Nucleoplasm
37166-73858_A_1_5.jpg,ENSG00000132475,Nucleoplasm
37187-71814_A_4_5.jpg,ENSG00000132475,Nucleoplasm
38299-78760_A_5_5.jpg,ENSG00000134851,Golgi Apparatus
38299-78760_A_1_5.jpg,ENSG00000134851,Golgi Apparatus
38299-78760_A_4_5.jpg,ENSG00000134851,Golgi Apparatus
38299-78760_A_2_5.jpg,ENSG00000134851,Golgi Apparatus
38299-78760_A_3_5.jpg,ENSG00000134851,Golgi Apparatus
10638-28255_A_4_5.jpg,ENSG00000135052,Golgi Apparatus
10638-28255_A_9_4.jpg,ENSG00000135052,Golgi Apparatus
15341-37233_A_1_5.jpg,ENSG00000135052,Golgi Apparatus
10638-28255_A_1_5.jpg,ENSG00000135052,Golgi Apparatus
11929-29073_A_2_5.jpg,ENSG00000135052,Golgi Apparatus
10638-28255_A_5_5.jpg,ENSG00000135052,Golgi Apparatus
10638-28255_A_8_4.jpg,ENSG00000135052,Golgi Apparatus
10638-28255_A_7_4.jpg,ENSG00000135052,Golgi Apparatus
11929-29073_A_3_5.jpg,ENSG00000135052,Golgi Apparatus
10638-28255_A_3_5.jpg,ENSG00000135052,Golgi Apparatus
10638-28255_A_6_5.jpg,ENSG00000135052,Golgi Apparatus
15341-37233_A_3_5.jpg,ENSG00000135052,Golgi Apparatus
10638-28255_A_2_5.jpg,ENSG00000135052,Golgi Apparatus
11929-29073_A_1_5.jpg,ENSG00000135052,Golgi Apparatus
15341-37233_A_2_5.jpg,ENSG00000135052,Golgi Apparatus
67561-154718_A_6_5.jpg,ENSG00000136938,Nucleoplasm
63133-154730_A_2_5.jpg,ENSG00000136938,Nucleoplasm
63133-154730_B_2_4.jpg,ENSG00000136938,Nucleoplasm
67561-154718_A_3_5.jpg,ENSG00000136938,Nucleoplasm
63133-154730_A_6_5.jpg,ENSG00000136938,Nucleoplasm
63133-154730_A_3_5.jpg,ENSG00000136938,Nucleoplasm
63133-154730_B_3_4.jpg,ENSG00000136938,Nucleoplasm
67561-154718_A_2_5.jpg,ENSG00000136938,Nucleoplasm
67561-154718_A_1_5.jpg,ENSG00000136938,Nucleoplasm
63133-154730_A_5_5.jpg,ENSG00000136938,Nucleoplasm
67561-154718_A_4_5.jpg,ENSG00000136938,Nucleoplasm
63133-154730_A_1_5.jpg,ENSG00000136938,Nucleoplasm
63133-154730_A_4_5.jpg,ENSG00000136938,Nucleoplasm
63699-148109_A_5_5.jpg,ENSG00000137207,Golgi Apparatus
63699-148109_A_1_5.jpg,ENSG00000137207,Golgi Apparatus
63699-148109_A_4_5.jpg,ENSG00000137207,Golgi Apparatus
63699-148109_A_2_5.jpg,ENSG00000137207,Golgi Apparatus
63699-148109_A_6_5.jpg,ENSG00000137207,Golgi Apparatus
63699-148109_A_3_5.jpg,ENSG00000137207,Golgi Apparatus
15257-36668_A_6_5.jpg,ENSG00000137275,Plasma Membrane;Cytoplasm
15257-36668_A_4_5.jpg,ENSG00000137275,Plasma Membrane;Cytoplasm
15257-36668_A_5_5.jpg,ENSG00000137275,Plasma Membrane;Cytoplasm
33786-76678_A_1_5.jpg,ENSG00000138095,Mitochondria
36408-76741_A_5_5.jpg,ENSG00000138095,Mitochondria
36409-76823_A_5_5.jpg,ENSG00000138095,Mitochondria
33786-76678_A_4_5.jpg,ENSG00000138095,Mitochondria
36408-76741_A_4_5.jpg,ENSG00000138095,Mitochondria
36409-76823_A_4_5.jpg,ENSG00000138095,Mitochondria
33786-76678_A_5_5.jpg,ENSG00000138095,Mitochondria
36409-76823_A_1_5.jpg,ENSG00000138095,Mitochondria
36409-76823_A_2_5.jpg,ENSG00000138095,Mitochondria
33786-76678_A_3_5.jpg,ENSG00000138095,Mitochondria
33786-76678_A_2_5.jpg,ENSG00000138095,Mitochondria
36408-76741_A_6_5.jpg,ENSG00000138095,Mitochondria
18304-47741_A_2_5.jpg,ENSG00000138757,Cytoplasm
18425-47749_A_6_5.jpg,ENSG00000138757,Cytoplasm
18304-47741_A_6_5.jpg,ENSG00000138757,Cytoplasm
18304-47741_A_3_5.jpg,ENSG00000138757,Cytoplasm
18425-47749_A_4_5.jpg,ENSG00000138757,Cytoplasm
18304-47741_A_5_5.jpg,ENSG00000138757,Cytoplasm
18425-47749_A_5_5.jpg,ENSG00000138757,Cytoplasm
18304-47741_A_4_5.jpg,ENSG00000138757,Cytoplasm
21213-47661_A_6_5.jpg,ENSG00000139613,Nucleoplasm
4321-11623_A_6_5.jpg,ENSG00000139613,Nucleoplasm
21213-47661_A_3_5.jpg,ENSG00000139613,Nucleoplasm
4321-11623_A_3_5.jpg,ENSG00000139613,Nucleoplasm
21213-47661_A_2_5.jpg,ENSG00000139613,Nucleoplasm
4321-11623_A_2_5.jpg,ENSG00000139613,Nucleoplasm
4321-11623_A_1_5.jpg,ENSG00000139613,Nucleoplasm
21213-47661_A_4_5.jpg,ENSG00000139613,Nucleoplasm
4321-11623_A_4_5.jpg,ENSG00000139613,Nucleoplasm
4321-11623_A_9_4.jpg,ENSG00000139613,Nucleoplasm
4321-11623_A_7_4.jpg,ENSG00000139613,Nucleoplasm
21213-47661_A_5_5.jpg,ENSG00000139613,Nucleoplasm
4321-11623_A_5_5.jpg,ENSG00000139613,Nucleoplasm
4321-11623_A_8_4.jpg,ENSG00000139613,Nucleoplasm
36003-71834_A_5_5.jpg,ENSG00000141644,Vesicles;Nucleoplasm
36003-71834_B_1_4.jpg,ENSG00000141644,Vesicles;Nucleoplasm
36003-71834_B_2_4.jpg,ENSG00000141644,Vesicles;Nucleoplasm
48728-138401_A_3_5.jpg,ENSG00000143321,Nucleoplasm
48728-138401_B_3_4.jpg,ENSG00000143321,Nucleoplasm
26035-55097_A_5_5.jpg,ENSG00000143321,Nucleoplasm
48728-138401_A_6_5.jpg,ENSG00000143321,Nucleoplasm
26035-55097_A_1_5.jpg,ENSG00000143321,Nucleoplasm
48728-138401_A_2_5.jpg,ENSG00000143321,Nucleoplasm
48728-138401_B_2_4.jpg,ENSG00000143321,Nucleoplasm
26035-55097_A_4_5.jpg,ENSG00000143321,Nucleoplasm
53422-138465_A_4_5.jpg,ENSG00000143321,Nucleoplasm
48728-138401_A_9_4.jpg,ENSG00000143321,Nucleoplasm
26035-55097_A_2_5.jpg,ENSG00000143321,Nucleoplasm
48728-138401_A_1_5.jpg,ENSG00000143321,Nucleoplasm
48728-138401_B_1_4.jpg,ENSG00000143321,Nucleoplasm
26035-55097_A_6_5.jpg,ENSG00000143321,Nucleoplasm
48728-138401_A_5_5.jpg,ENSG00000143321,Nucleoplasm
48728-138401_A_8_4.jpg,ENSG00000143321,Nucleoplasm
53422-138465_A_6_5.jpg,ENSG00000143321,Nucleoplasm
26035-55097_A_3_5.jpg,ENSG00000143321,Nucleoplasm
48728-138401_A_7_4.jpg,ENSG00000143321,Nucleoplasm
72816-152881_A_6_5.jpg,ENSG00000144381,Mitochondria
72816-152881_A_3_5.jpg,ENSG00000144381,Mitochondria
1523-6960_A_1_5.jpg,ENSG00000144381,Mitochondria
72816-152881_A_2_5.jpg,ENSG00000144381,Mitochondria
72816-152881_A_1_5.jpg,ENSG00000144381,Mitochondria
1523-6960_A_2_5.jpg,ENSG00000144381,Mitochondria
72816-152881_A_4_5.jpg,ENSG00000144381,Mitochondria
72816-152881_A_9_4.jpg,ENSG00000144381,Mitochondria
72816-152881_A_7_4.jpg,ENSG00000144381,Mitochondria
1523-6960_A_3_5.jpg,ENSG00000144381,Mitochondria
72816-152881_A_8_4.jpg,ENSG00000144381,Mitochondria
21154-47761_A_4_5.jpg,ENSG00000147654,Golgi Apparatus
21153-47753_A_6_5.jpg,ENSG00000147654,Golgi Apparatus
21154-47761_A_5_5.jpg,ENSG00000147654,Golgi Apparatus
21153-47753_A_4_5.jpg,ENSG00000147654,Golgi Apparatus
21154-47761_A_3_5.jpg,ENSG00000147654,Golgi Apparatus
21154-47761_A_6_5.jpg,ENSG00000147654,Golgi Apparatus
21153-47753_A_5_5.jpg,ENSG00000147654,Golgi Apparatus
21154-47761_A_2_5.jpg,ENSG00000147654,Golgi Apparatus
3111-8514_A_4_5.jpg,ENSG00000156030,Nucleoplasm
3111-8514_A_5_5.jpg,ENSG00000156030,Nucleoplasm
3111-8514_A_6_5.jpg,ENSG00000156030,Nucleoplasm
1480-5507_A_5_5.jpg,ENSG00000158773,Nucleoplasm
36233-138079_A_6_5.jpg,ENSG00000158773,Nucleoplasm
1480-5507_A_4_5.jpg,ENSG00000158773,Nucleoplasm
36233-138079_A_5_5.jpg,ENSG00000158773,Nucleoplasm
1480-5507_A_6_5.jpg,ENSG00000158773,Nucleoplasm
36233-138079_A_4_5.jpg,ENSG00000158773,Nucleoplasm
52083-134760_A_6_5.jpg,ENSG00000160201,Nucleoplasm
52083-134760_A_4_5.jpg,ENSG00000160201,Nucleoplasm
44833-99663_A_6_5.jpg,ENSG00000160201,Nucleoplasm
16305-36379_A_5_5.jpg,ENSG00000160691,Cytoplasm
16305-36379_A_6_5.jpg,ENSG00000160691,Cytoplasm
35526-72772_A_6_5.jpg,ENSG00000163820,Vesicles
35526-72772_A_4_5.jpg,ENSG00000163820,Vesicles
35526-72772_A_5_5.jpg,ENSG00000163820,Vesicles
29481-63045_A_6_5.jpg,ENSG00000163931,Nucleoplasm
29480-63041_A_6_5.jpg,ENSG00000163931,Nucleoplasm
29481-63045_A_4_5.jpg,ENSG00000163931,Nucleoplasm
29480-63041_A_5_5.jpg,ENSG00000163931,Nucleoplasm
29481-63045_A_5_5.jpg,ENSG00000163931,Nucleoplasm
29480-63041_A_4_5.jpg,ENSG00000163931,Nucleoplasm
16225-36812_A_3_5.jpg,ENSG00000165119,Nucleoplasm
16225-36812_B_3_4.jpg,ENSG00000165119,Nucleoplasm
16225-36812_A_6_5.jpg,ENSG00000165119,Nucleoplasm
4435-23070_A_2_5.jpg,ENSG00000165119,Nucleoplasm
4435-23070_B_2_4.jpg,ENSG00000165119,Nucleoplasm
16225-36812_A_2_5.jpg,ENSG00000165119,Nucleoplasm
16225-36812_B_2_4.jpg,ENSG00000165119,Nucleoplasm
4435-23070_A_6_5.jpg,ENSG00000165119,Nucleoplasm
4435-23070_A_3_5.jpg,ENSG00000165119,Nucleoplasm
4435-23070_B_3_4.jpg,ENSG00000165119,Nucleoplasm
7644-23078_A_6_5.jpg,ENSG00000165119,Nucleoplasm
16225-36812_A_4_5.jpg,ENSG00000165119,Nucleoplasm
4435-23070_A_7_4.jpg,ENSG00000165119,Nucleoplasm
16225-36812_A_1_5.jpg,ENSG00000165119,Nucleoplasm
16225-36812_B_1_4.jpg,ENSG00000165119,Nucleoplasm
4435-23070_A_8_4.jpg,ENSG00000165119,Nucleoplasm
16225-36812_A_5_5.jpg,ENSG00000165119,Nucleoplasm
4435-23070_A_1_5.jpg,ENSG00000165119,Nucleoplasm
7644-23078_A_4_5.jpg,ENSG00000165119,Nucleoplasm
4435-23070_A_4_5.jpg,ENSG00000165119,Nucleoplasm
4435-23070_A_9_4.jpg,ENSG00000165119,Nucleoplasm
6361-18752_A_3_5.jpg,ENSG00000166710,Golgi Apparatus;Plasma Membrane;Cytoplasm
6361-18752_A_2_5.jpg,ENSG00000166710,Golgi Apparatus;Plasma Membrane;Cytoplasm
6361-18752_A_4_5.jpg,ENSG00000166710,Golgi Apparatus;Plasma Membrane;Cytoplasm
38948-84468_A_6_5.jpg,ENSG00000166987,Nucleoplasm
38948-84468_A_5_5.jpg,ENSG00000166987,Nucleoplasm
38948-84468_A_4_5.jpg,ENSG00000166987,Nucleoplasm
2786-6782_A_6_5.jpg,ENSG00000170430,Nucleoplasm
69881-157873_A_6_5.jpg,ENSG00000170430,Nucleoplasm
2786-6782_A_4_5.jpg,ENSG00000170430,Nucleoplasm
69881-157873_A_4_5.jpg,ENSG00000170430,Nucleoplasm
2786-6782_A_5_5.jpg,ENSG00000170430,Nucleoplasm
69881-157873_A_5_5.jpg,ENSG00000170430,Nucleoplasm
55779-126827_A_4_5.jpg,ENSG00000171161,Nucleoplasm
55779-126827_A_6_5.jpg,ENSG00000171161,Nucleoplasm
51857-119621_A_2_5.jpg,ENSG00000171940,Nucleoplasm
51857-119621_A_6_5.jpg,ENSG00000171940,Nucleoplasm
51857-119621_A_3_5.jpg,ENSG00000171940,Nucleoplasm
51857-119621_A_1_5.jpg,ENSG00000171940,Nucleoplasm
51857-119621_A_4_5.jpg,ENSG00000171940,Nucleoplasm
11576-32502_A_2_5.jpg,ENSG00000173473,Nucleoplasm
11576-32502_A_3_5.jpg,ENSG00000173473,Nucleoplasm
11576-32502_A_6_5.jpg,ENSG00000173473,Nucleoplasm
26853-57819_A_4_5.jpg,ENSG00000173473,Nucleoplasm
11576-32502_A_8_4.jpg,ENSG00000173473,Nucleoplasm
11576-32502_A_7_4.jpg,ENSG00000173473,Nucleoplasm
11576-32502_A_4_5.jpg,ENSG00000173473,Nucleoplasm
11576-32502_A_9_4.jpg,ENSG00000173473,Nucleoplasm
26853-57819_A_6_5.jpg,ENSG00000173473,Nucleoplasm
11576-32502_A_1_5.jpg,ENSG00000173473,Nucleoplasm
12993-151868_A_4_5.jpg,ENSG00000184363,Plasma Membrane
12993-151868_A_5_5.jpg,ENSG00000184363,Plasma Membrane
3906-11734_A_4_5.jpg,ENSG00000185825,Endoplasmic Reticulum
3906-11734_A_9_4.jpg,ENSG00000185825,Endoplasmic Reticulum
3906-11734_A_1_5.jpg,ENSG00000185825,Endoplasmic Reticulum
3906-11734_A_5_5.jpg,ENSG00000185825,Endoplasmic Reticulum
3906-11734_A_8_4.jpg,ENSG00000185825,Endoplasmic Reticulum
3906-11734_A_7_4.jpg,ENSG00000185825,Endoplasmic Reticulum
3906-11734_A_3_5.jpg,ENSG00000185825,Endoplasmic Reticulum
15350-38042_A_4_5.jpg,ENSG00000185825,Endoplasmic Reticulum
3906-11734_A_2_5.jpg,ENSG00000185825,Endoplasmic Reticulum
7973-106662_A_4_5.jpg,ENSG00000196154,Plasma Membrane
7973-106662_A_9_4.jpg,ENSG00000196154,Plasma Membrane
7973-106662_A_7_4.jpg,ENSG00000196154,Plasma Membrane
7973-106662_A_5_5.jpg,ENSG00000196154,Plasma Membrane
7973-106662_A_8_4.jpg,ENSG00000196154,Plasma Membrane
7973-106662_A_6_5.jpg,ENSG00000196154,Plasma Membrane
2192-7352_A_6_5.jpg,ENSG00000196365,Mitochondria;Nucleoplasm
2192-7352_A_5_5.jpg,ENSG00000196365,Mitochondria;Nucleoplasm
2192-7352_A_4_5.jpg,ENSG00000196365,Mitochondria;Nucleoplasm
27211-57434_A_3_5.jpg,ENSG00000198783,Nucleoplasm
27211-57434_A_2_5.jpg,ENSG00000198783,Nucleoplasm
27211-57434_A_1_5.jpg,ENSG00000198783,Nucleoplasm
24754-54216_A_4_5.jpg,ENSG00000198783,Nucleoplasm
27211-57434_A_4_5.jpg,ENSG00000198783,Nucleoplasm
24754-54216_A_5_5.jpg,ENSG00000198783,Nucleoplasm
2224-5836_A_6_5.jpg,ENSG00000204209,Nucleoplasm
8736-24004_A_4_5.jpg,ENSG00000204209,Nucleoplasm
2224-5836_A_4_5.jpg,ENSG00000204209,Nucleoplasm
8736-24004_A_6_5.jpg,ENSG00000204209,Nucleoplasm
2224-5836_A_5_5.jpg,ENSG00000204209,Nucleoplasm
21319-48526_A_6_5.jpg,ENSG00000205413,Vesicles;Cytoplasm
21319-48526_A_4_5.jpg,ENSG00000205413,Vesicles;Cytoplasm
43621-99774_A_3_5.jpg,ENSG00000244462,Nucleoplasm
43621-99774_A_2_5.jpg,ENSG00000244462,Nucleoplasm
43621-99774_A_5_5.jpg,ENSG00000244462,Nucleoplasm
17042-162340_A_2_5.jpg,ENSG00000012660,Endoplasmic Reticulum
47752-162344_A_2_5.jpg,ENSG00000012660,Endoplasmic Reticulum
23087-50970_A_2_5.jpg,ENSG00000023572,Nucleoplasm
23087-50970_A_6_5.jpg,ENSG00000023572,Nucleoplasm
23087-50970_A_3_5.jpg,ENSG00000023572,Nucleoplasm
23087-50970_A_5_5.jpg,ENSG00000023572,Nucleoplasm
23087-50970_A_1_5.jpg,ENSG00000023572,Nucleoplasm
23087-50970_A_4_5.jpg,ENSG00000023572,Nucleoplasm
27320-57676_A_6_5.jpg,ENSG00000023734,Cytoplasm
27320-57676_A_5_5.jpg,ENSG00000023734,Cytoplasm
2131-7209_A_4_5.jpg,ENSG00000035403,Cytoplasm
2131-7209_A_5_5.jpg,ENSG00000035403,Cytoplasm
2131-7209_A_6_5.jpg,ENSG00000035403,Cytoplasm
2453-6297_A_4_5.jpg,ENSG00000035403,Cytoplasm
12041-28801_A_6_5.jpg,ENSG00000054118,Nucleoplasm
12041-28801_A_3_5.jpg,ENSG00000054118,Nucleoplasm
12041-28801_A_7_4.jpg,ENSG00000054118,Nucleoplasm
12041-28801_A_5_5.jpg,ENSG00000054118,Nucleoplasm
12041-28801_A_8_4.jpg,ENSG00000054118,Nucleoplasm
12041-28801_A_1_5.jpg,ENSG00000054118,Nucleoplasm
12041-28801_A_4_5.jpg,ENSG00000054118,Nucleoplasm
12041-28801_A_9_4.jpg,ENSG00000054118,Nucleoplasm
75752-159291_A_3_5.jpg,ENSG00000062485,Mitochondria
75753-159380_A_1_5.jpg,ENSG00000062485,Mitochondria
38461-94883_A_2_5.jpg,ENSG00000062485,Mitochondria
75750-159283_A_1_5.jpg,ENSG00000062485,Mitochondria
75750-159283_B_1_4.jpg,ENSG00000062485,Mitochondria
75751-159287_A_5_5.jpg,ENSG00000062485,Mitochondria
75754-159299_A_6_5.jpg,ENSG00000062485,Mitochondria
75750-159283_A_5_5.jpg,ENSG00000062485,Mitochondria
75751-159287_A_1_5.jpg,ENSG00000062485,Mitochondria
75752-159291_A_2_5.jpg,ENSG00000062485,Mitochondria
75754-159299_A_2_5.jpg,ENSG00000062485,Mitochondria
38461-94883_A_3_5.jpg,ENSG00000062485,Mitochondria
75753-159380_A_5_5.jpg,ENSG00000062485,Mitochondria
75750-159283_A_3_5.jpg,ENSG00000062485,Mitochondria
75750-159283_B_3_4.jpg,ENSG00000062485,Mitochondria
75753-159380_A_6_5.jpg,ENSG00000062485,Mitochondria
38461-94883_A_5_5.jpg,ENSG00000062485,Mitochondria
75750-159283_A_6_5.jpg,ENSG00000062485,Mitochondria
75751-159287_A_2_5.jpg,ENSG00000062485,Mitochondria
75752-159291_A_1_5.jpg,ENSG00000062485,Mitochondria
75753-159380_A_3_5.jpg,ENSG00000062485,Mitochondria
38461-94883_A_1_5.jpg,ENSG00000062485,Mitochondria
75750-159283_A_2_5.jpg,ENSG00000062485,Mitochondria
75750-159283_B_2_4.jpg,ENSG00000062485,Mitochondria
75751-159287_A_6_5.jpg,ENSG00000062485,Mitochondria
75754-159299_A_5_5.jpg,ENSG00000062485,Mitochondria
38461-94883_A_4_5.jpg,ENSG00000062485,Mitochondria
75751-159287_A_3_5.jpg,ENSG00000062485,Mitochondria
75753-159380_A_2_5.jpg,ENSG00000062485,Mitochondria
15825-39443_A_5_5.jpg,ENSG00000065526,Nucleoplasm
15825-39443_A_1_5.jpg,ENSG00000065526,Nucleoplasm
15825-39443_A_4_5.jpg,ENSG00000065526,Nucleoplasm
15825-39443_A_2_5.jpg,ENSG00000065526,Nucleoplasm
15825-39443_A_6_5.jpg,ENSG00000065526,Nucleoplasm
15825-39443_A_3_5.jpg,ENSG00000065526,Nucleoplasm
24594-55257_A_6_5.jpg,ENSG00000067704,Mitochondria
24594-55257_A_4_5.jpg,ENSG00000067704,Mitochondria
24594-55257_A_5_5.jpg,ENSG00000067704,Mitochondria
25404-54572_A_6_5.jpg,ENSG00000072501,Nucleoplasm
25404-54572_A_5_5.jpg,ENSG00000072501,Nucleoplasm
25404-54572_A_4_5.jpg,ENSG00000072501,Nucleoplasm
6717-18524_A_4_5.jpg,ENSG00000073050,Nucleoplasm
15564-37589_A_8_4.jpg,ENSG00000076944,Cytoplasm
15564-37589_A_7_4.jpg,ENSG00000076944,Cytoplasm
15564-37589_A_9_4.jpg,ENSG00000076944,Cytoplasm
8310-134988_A_6_5.jpg,ENSG00000078070,Mitochondria
31388-115403_A_3_5.jpg,ENSG00000085377,Cytoplasm
31388-115403_A_6_5.jpg,ENSG00000085377,Cytoplasm
31388-115403_A_2_5.jpg,ENSG00000085377,Cytoplasm
31389-115341_A_5_5.jpg,ENSG00000085377,Cytoplasm
31388-115403_A_1_5.jpg,ENSG00000085377,Cytoplasm
31389-115341_A_6_5.jpg,ENSG00000085377,Cytoplasm
31388-115403_A_5_5.jpg,ENSG00000085377,Cytoplasm
1634-9281_A_4_5.jpg,ENSG00000086589,Nucleoplasm
1634-9281_A_5_5.jpg,ENSG00000086589,Nucleoplasm
19648-45731_A_4_5.jpg,ENSG00000089154,Cytoplasm
18799-45827_A_6_5.jpg,ENSG00000089154,Cytoplasm
19648-45731_A_5_5.jpg,ENSG00000089154,Cytoplasm
19648-45731_A_6_5.jpg,ENSG00000089154,Cytoplasm
18799-45827_A_4_5.jpg,ENSG00000089154,Cytoplasm
1956-5282_A_3_5.jpg,ENSG00000089902,Nucleoplasm
1956-5282_B_3_4.jpg,ENSG00000089902,Nucleoplasm
1956-5282_A_6_5.jpg,ENSG00000089902,Nucleoplasm
1956-5282_A_2_5.jpg,ENSG00000089902,Nucleoplasm
1956-5282_B_2_4.jpg,ENSG00000089902,Nucleoplasm
1956-5282_A_4_5.jpg,ENSG00000089902,Nucleoplasm
1956-5282_A_1_5.jpg,ENSG00000089902,Nucleoplasm
1956-5282_B_1_4.jpg,ENSG00000089902,Nucleoplasm
1956-5282_A_5_5.jpg,ENSG00000089902,Nucleoplasm
35865-73977_A_6_5.jpg,ENSG00000099284,Nucleoplasm
35865-73977_A_4_5.jpg,ENSG00000099284,Nucleoplasm
34537-71338_A_5_5.jpg,ENSG00000100347,Mitochondria
34537-71338_A_6_5.jpg,ENSG00000100347,Mitochondria
60118-135999_A_6_5.jpg,ENSG00000100568,Vesicles
60118-135999_A_5_5.jpg,ENSG00000100568,Vesicles
60118-135999_A_4_5.jpg,ENSG00000100568,Vesicles
2564-7319_A_9_4.jpg,ENSG00000100823,Nucleoplasm
4294-15891_A_2_5.jpg,ENSG00000100823,Nucleoplasm
47307-104815_A_6_5.jpg,ENSG00000100823,Nucleoplasm
47307-104815_A_3_5.jpg,ENSG00000100823,Nucleoplasm
2564-7319_A_8_4.jpg,ENSG00000100823,Nucleoplasm
4294-15891_A_3_5.jpg,ENSG00000100823,Nucleoplasm
2564-7319_A_7_4.jpg,ENSG00000100823,Nucleoplasm
4294-15891_A_6_5.jpg,ENSG00000100823,Nucleoplasm
47307-104815_A_2_5.jpg,ENSG00000100823,Nucleoplasm
2564-7319_B_3_4.jpg,ENSG00000100823,Nucleoplasm
47307-104815_A_1_5.jpg,ENSG00000100823,Nucleoplasm
47307-104815_A_4_5.jpg,ENSG00000100823,Nucleoplasm
4294-15891_A_1_5.jpg,ENSG00000100823,Nucleoplasm
47307-104815_A_5_5.jpg,ENSG00000100823,Nucleoplasm
17114-37942_A_1_5.jpg,ENSG00000101057,Nucleoplasm;Cytoplasm
17114-37942_A_4_5.jpg,ENSG00000101057,Nucleoplasm;Cytoplasm
17114-37942_A_9_4.jpg,ENSG00000101057,Nucleoplasm;Cytoplasm
17114-37942_A_7_4.jpg,ENSG00000101057,Nucleoplasm;Cytoplasm
17114-37942_A_8_4.jpg,ENSG00000101057,Nucleoplasm;Cytoplasm
17114-37942_A_6_5.jpg,ENSG00000101057,Nucleoplasm;Cytoplasm
17114-37942_A_3_5.jpg,ENSG00000101057,Nucleoplasm;Cytoplasm
17114-37942_A_2_5.jpg,ENSG00000101057,Nucleoplasm;Cytoplasm
49387-118270_A_4_5.jpg,ENSG00000101365,Mitochondria
49387-118270_A_1_5.jpg,ENSG00000101365,Mitochondria
49387-118270_A_2_5.jpg,ENSG00000101365,Mitochondria
49387-118270_A_3_5.jpg,ENSG00000101365,Mitochondria
49387-118270_A_6_5.jpg,ENSG00000101365,Mitochondria
9174-25205_A_6_5.jpg,ENSG00000101558,Endoplasmic Reticulum
9174-25205_A_4_5.jpg,ENSG00000101558,Endoplasmic Reticulum
9174-25205_A_5_5.jpg,ENSG00000101558,Endoplasmic Reticulum
42050-91213_A_2_5.jpg,ENSG00000104852,Nucleoplasm
42050-91213_B_2_4.jpg,ENSG00000104852,Nucleoplasm
42050-91213_A_3_5.jpg,ENSG00000104852,Nucleoplasm
42050-91213_B_3_4.jpg,ENSG00000104852,Nucleoplasm
43516-132859_A_4_5.jpg,ENSG00000104852,Nucleoplasm
42050-91213_A_5_5.jpg,ENSG00000104852,Nucleoplasm
42050-91213_A_8_4.jpg,ENSG00000104852,Nucleoplasm
42050-91213_A_7_4.jpg,ENSG00000104852,Nucleoplasm
42050-91213_A_9_4.jpg,ENSG00000104852,Nucleoplasm
42050-91213_A_1_5.jpg,ENSG00000104852,Nucleoplasm
42050-91213_B_1_4.jpg,ENSG00000104852,Nucleoplasm
41605-92366_A_5_5.jpg,ENSG00000105669,Golgi Apparatus
41605-92366_A_4_5.jpg,ENSG00000105669,Golgi Apparatus
50524-140330_A_2_5.jpg,ENSG00000113368,Nuclear membrane
5269-155655_A_6_5.jpg,ENSG00000113368,Nuclear membrane
50524-140330_A_3_5.jpg,ENSG00000113368,Nuclear membrane
50524-140330_A_6_5.jpg,ENSG00000113368,Nuclear membrane
50524-140330_A_5_5.jpg,ENSG00000113368,Nuclear membrane
79954-171056_A_6_5.jpg,ENSG00000113368,Nuclear membrane
5269-155655_A_4_5.jpg,ENSG00000113368,Nuclear membrane
50524-140330_A_4_5.jpg,ENSG00000113368,Nuclear membrane
50524-140330_A_1_5.jpg,ENSG00000113368,Nuclear membrane
22103-49527_A_5_5.jpg,ENSG00000113522,Nucleoplasm
24979-55339_A_5_5.jpg,ENSG00000113522,Nucleoplasm
24979-55339_A_8_4.jpg,ENSG00000113522,Nucleoplasm
24979-55339_A_7_4.jpg,ENSG00000113522,Nucleoplasm
22103-49527_A_4_5.jpg,ENSG00000113522,Nucleoplasm
24979-55339_A_4_5.jpg,ENSG00000113522,Nucleoplasm
24979-55339_A_9_4.jpg,ENSG00000113522,Nucleoplasm
22103-49527_A_1_5.jpg,ENSG00000113522,Nucleoplasm
24979-55339_A_1_5.jpg,ENSG00000113522,Nucleoplasm
22103-49527_A_2_5.jpg,ENSG00000113522,Nucleoplasm
24979-55339_A_2_5.jpg,ENSG00000113522,Nucleoplasm
22103-49527_A_3_5.jpg,ENSG00000113522,Nucleoplasm
24979-55339_A_3_5.jpg,ENSG00000113522,Nucleoplasm
22103-49527_A_6_5.jpg,ENSG00000113522,Nucleoplasm
24979-55339_A_6_5.jpg,ENSG00000113522,Nucleoplasm
18246-169291_A_6_5.jpg,ENSG00000114416,Cytoplasm
11356-28561_A_4_5.jpg,ENSG00000115289,Nucleoplasm
11356-28561_A_5_5.jpg,ENSG00000115289,Nucleoplasm
11356-28561_A_6_5.jpg,ENSG00000115289,Nucleoplasm
3769-11607_A_1_5.jpg,ENSG00000115966,Nucleoplasm
3769-11607_A_3_5.jpg,ENSG00000115966,Nucleoplasm
3769-11607_A_2_5.jpg,ENSG00000115966,Nucleoplasm
25753-56706_A_6_5.jpg,ENSG00000116161,Nucleoplasm;Cytoplasm
57038-169011_B_2_4.jpg,ENSG00000116161,Nucleoplasm;Cytoplasm
25753-56706_A_4_5.jpg,ENSG00000116161,Nucleoplasm;Cytoplasm
57038-169011_B_3_4.jpg,ENSG00000116161,Nucleoplasm;Cytoplasm
25753-56706_A_5_5.jpg,ENSG00000116161,Nucleoplasm;Cytoplasm
57038-169011_A_6_5.jpg,ENSG00000116161,Nucleoplasm;Cytoplasm
29075-65849_A_1_5.jpg,ENSG00000119711,Mitochondria
29074-65845_A_2_5.jpg,ENSG00000119711,Mitochondria
29072-65853_A_1_5.jpg,ENSG00000119711,Mitochondria
29073-65861_A_1_5.jpg,ENSG00000119711,Mitochondria
29074-65845_A_3_5.jpg,ENSG00000119711,Mitochondria
29072-65853_A_2_5.jpg,ENSG00000119711,Mitochondria
29073-65861_A_2_5.jpg,ENSG00000119711,Mitochondria
29075-65849_A_3_5.jpg,ENSG00000119711,Mitochondria
29072-65853_A_3_5.jpg,ENSG00000119711,Mitochondria
29073-65861_A_3_5.jpg,ENSG00000119711,Mitochondria
29074-65845_A_1_5.jpg,ENSG00000119711,Mitochondria
29075-65849_A_2_5.jpg,ENSG00000119711,Mitochondria
35800-73383_A_5_5.jpg,ENSG00000124356,Nucleoplasm;Plasma Membrane;Cytoplasm
35800-73383_A_6_5.jpg,ENSG00000124356,Nucleoplasm;Plasma Membrane;Cytoplasm
35800-73383_A_3_5.jpg,ENSG00000124356,Nucleoplasm;Plasma Membrane;Cytoplasm
35800-73383_A_2_5.jpg,ENSG00000124356,Nucleoplasm;Plasma Membrane;Cytoplasm
45472-104934_A_3_5.jpg,ENSG00000125901,Mitochondria
45472-104934_A_6_5.jpg,ENSG00000125901,Mitochondria
45472-104934_A_2_5.jpg,ENSG00000125901,Mitochondria
45472-104934_A_4_5.jpg,ENSG00000125901,Mitochondria
45472-104934_A_1_5.jpg,ENSG00000125901,Mitochondria
45472-104934_A_5_5.jpg,ENSG00000125901,Mitochondria
41227-86867_A_3_5.jpg,ENSG00000127554,Mitochondria;Cytoplasm
41227-86867_A_2_5.jpg,ENSG00000127554,Mitochondria;Cytoplasm
41227-86867_A_1_5.jpg,ENSG00000127554,Mitochondria;Cytoplasm
41227-86867_A_7_4.jpg,ENSG00000127554,Mitochondria;Cytoplasm
41227-86867_A_5_5.jpg,ENSG00000127554,Mitochondria;Cytoplasm
41227-86867_A_8_4.jpg,ENSG00000127554,Mitochondria;Cytoplasm
41391-86967_A_7_4.jpg,ENSG00000128928,Mitochondria
41391-86967_A_5_5.jpg,ENSG00000128928,Mitochondria
41391-86967_A_8_4.jpg,ENSG00000128928,Mitochondria
41391-86967_A_1_5.jpg,ENSG00000128928,Mitochondria
41391-86967_A_4_5.jpg,ENSG00000128928,Mitochondria
41391-86967_A_9_4.jpg,ENSG00000128928,Mitochondria
41391-86967_A_2_5.jpg,ENSG00000128928,Mitochondria
41391-86967_A_6_5.jpg,ENSG00000128928,Mitochondria
41391-86967_A_3_5.jpg,ENSG00000128928,Mitochondria
65890-161435_A_4_5.jpg,ENSG00000129993,Nucleoplasm
65890-161435_B_1_4.jpg,ENSG00000129993,Nucleoplasm
65890-161435_A_2_5.jpg,ENSG00000129993,Nucleoplasm
65890-161435_B_2_4.jpg,ENSG00000129993,Nucleoplasm
65890-161435_B_3_4.jpg,ENSG00000129993,Nucleoplasm
65890-161435_A_6_5.jpg,ENSG00000129993,Nucleoplasm
31410-67447_A_5_5.jpg,ENSG00000130340,Plasma Membrane;Cytoplasm
31410-67447_A_1_5.jpg,ENSG00000130340,Plasma Membrane;Cytoplasm
31410-67447_A_4_5.jpg,ENSG00000130340,Plasma Membrane;Cytoplasm
31410-67447_A_2_5.jpg,ENSG00000130340,Plasma Membrane;Cytoplasm
31410-67447_A_6_5.jpg,ENSG00000130340,Plasma Membrane;Cytoplasm
31410-67447_A_3_5.jpg,ENSG00000130340,Plasma Membrane;Cytoplasm
22010-51696_A_4_5.jpg,ENSG00000130935,Nucleoli
22010-51696_A_5_5.jpg,ENSG00000130935,Nucleoli
22010-51696_A_6_5.jpg,ENSG00000130935,Nucleoli
4282-15105_A_5_5.jpg,ENSG00000132170,Vesicles;Nucleoplasm
11478-32627_A_4_5.jpg,ENSG00000133961,Plasma Membrane
11478-32627_A_1_5.jpg,ENSG00000133961,Plasma Membrane
11478-32627_A_2_5.jpg,ENSG00000133961,Plasma Membrane
11478-32627_A_3_5.jpg,ENSG00000133961,Plasma Membrane
11478-32627_A_6_5.jpg,ENSG00000133961,Plasma Membrane
8902-27339_A_6_5.jpg,ENSG00000135763,Nucleoli
8902-27339_A_5_5.jpg,ENSG00000135763,Nucleoli
8902-27339_A_4_5.jpg,ENSG00000135763,Nucleoli
35849-74610_A_5_5.jpg,ENSG00000135968,Golgi Apparatus
35849-74610_A_4_5.jpg,ENSG00000135968,Golgi Apparatus
31153-63143_A_6_5.jpg,ENSG00000137154,Endoplasmic Reticulum;Cytoplasm
31153-63143_A_5_5.jpg,ENSG00000137154,Endoplasmic Reticulum;Cytoplasm
31153-63143_A_4_5.jpg,ENSG00000137154,Endoplasmic Reticulum;Cytoplasm
17079-38855_A_3_5.jpg,ENSG00000137767,Mitochondria
17079-38855_A_2_5.jpg,ENSG00000137767,Mitochondria
17079-38855_A_1_5.jpg,ENSG00000137767,Mitochondria
18990-43550_A_3_5.jpg,ENSG00000140374,Mitochondria
18990-43550_A_6_5.jpg,ENSG00000140374,Mitochondria
18990-43550_A_2_5.jpg,ENSG00000140374,Mitochondria
18990-43550_A_4_5.jpg,ENSG00000140374,Mitochondria
18990-43550_A_1_5.jpg,ENSG00000140374,Mitochondria
18990-43550_A_5_5.jpg,ENSG00000140374,Mitochondria
43464-94297_A_6_5.jpg,ENSG00000142546,Nucleoplasm
43464-94297_A_4_5.jpg,ENSG00000142546,Nucleoplasm
43464-94297_A_5_5.jpg,ENSG00000142546,Nucleoplasm
47151-107725_A_4_5.jpg,ENSG00000143337,Nuclear membrane
47151-107725_A_1_5.jpg,ENSG00000143337,Nuclear membrane
47151-107725_A_3_5.jpg,ENSG00000143337,Nuclear membrane
47151-107725_A_6_5.jpg,ENSG00000143337,Nuclear membrane
47151-107725_A_2_5.jpg,ENSG00000143337,Nuclear membrane
7484-20911_A_4_5.jpg,ENSG00000143621,Nucleoplasm
7484-20911_A_1_5.jpg,ENSG00000143621,Nucleoplasm
7484-20911_A_5_5.jpg,ENSG00000143621,Nucleoplasm
7484-20911_A_8_4.jpg,ENSG00000143621,Nucleoplasm
7484-20911_A_7_4.jpg,ENSG00000143621,Nucleoplasm
7484-20911_A_3_5.jpg,ENSG00000143621,Nucleoplasm
7484-20911_A_6_5.jpg,ENSG00000143621,Nucleoplasm
7484-20911_A_2_5.jpg,ENSG00000143621,Nucleoplasm
7484-20911_B_2_4.jpg,ENSG00000143621,Nucleoplasm
29920-67299_A_6_5.jpg,ENSG00000143633,Nucleoli
29920-67299_A_4_5.jpg,ENSG00000143633,Nucleoli
29920-67299_A_5_5.jpg,ENSG00000143633,Nucleoli
37334-80237_A_2_5.jpg,ENSG00000144283,Plasma Membrane
37334-80237_A_3_5.jpg,ENSG00000144283,Plasma Membrane
37334-80237_A_5_5.jpg,ENSG00000144283,Plasma Membrane
37334-80237_A_1_5.jpg,ENSG00000144283,Plasma Membrane
37334-80237_A_4_5.jpg,ENSG00000144283,Plasma Membrane
15104-158174_A_4_5.jpg,ENSG00000147649,Endoplasmic Reticulum
15104-158174_A_9_4.jpg,ENSG00000147649,Endoplasmic Reticulum
15104-158174_A_1_5.jpg,ENSG00000147649,Endoplasmic Reticulum
15104-158174_B_1_4.jpg,ENSG00000147649,Endoplasmic Reticulum
68205-152264_A_6_5.jpg,ENSG00000147649,Endoplasmic Reticulum
15104-158174_A_5_5.jpg,ENSG00000147649,Endoplasmic Reticulum
15104-158174_A_8_4.jpg,ENSG00000147649,Endoplasmic Reticulum
10932-158178_A_6_5.jpg,ENSG00000147649,Endoplasmic Reticulum
15104-158174_A_7_4.jpg,ENSG00000147649,Endoplasmic Reticulum
10932-158178_A_5_5.jpg,ENSG00000147649,Endoplasmic Reticulum
15104-158174_A_3_5.jpg,ENSG00000147649,Endoplasmic Reticulum
15104-158174_B_3_4.jpg,ENSG00000147649,Endoplasmic Reticulum
15104-158174_A_6_5.jpg,ENSG00000147649,Endoplasmic Reticulum
15104-158174_A_2_5.jpg,ENSG00000147649,Endoplasmic Reticulum
15104-158174_B_2_4.jpg,ENSG00000147649,Endoplasmic Reticulum
68205-152264_A_5_5.jpg,ENSG00000147649,Endoplasmic Reticulum
17522-39602_A_5_5.jpg,ENSG00000149480,Nucleoplasm
5315-15836_A_3_5.jpg,ENSG00000149480,Nucleoplasm
6214-18446_A_6_5.jpg,ENSG00000149480,Nucleoplasm
5315-15836_A_6_5.jpg,ENSG00000149480,Nucleoplasm
6214-18446_A_3_5.jpg,ENSG00000149480,Nucleoplasm
17522-39602_A_4_5.jpg,ENSG00000149480,Nucleoplasm
5315-15836_A_2_5.jpg,ENSG00000149480,Nucleoplasm
6214-18446_A_2_5.jpg,ENSG00000149480,Nucleoplasm
5315-15836_A_4_5.jpg,ENSG00000149480,Nucleoplasm
5315-15836_A_9_4.jpg,ENSG00000149480,Nucleoplasm
6214-18446_A_1_5.jpg,ENSG00000149480,Nucleoplasm
6214-18446_A_4_5.jpg,ENSG00000149480,Nucleoplasm
6214-18446_A_9_4.jpg,ENSG00000149480,Nucleoplasm
5315-15836_A_5_5.jpg,ENSG00000149480,Nucleoplasm
5315-15836_A_8_4.jpg,ENSG00000149480,Nucleoplasm
6214-18446_A_7_4.jpg,ENSG00000149480,Nucleoplasm
5315-15836_A_7_4.jpg,ENSG00000149480,Nucleoplasm
6214-18446_A_5_5.jpg,ENSG00000149480,Nucleoplasm
6214-18446_A_8_4.jpg,ENSG00000149480,Nucleoplasm
40786-125165_A_5_5.jpg,ENSG00000150768,Mitochondria
40786-125165_A_4_5.jpg,ENSG00000150768,Mitochondria
18116-41238_A_5_5.jpg,ENSG00000151239,Cytoplasm
18116-41238_A_4_5.jpg,ENSG00000151239,Cytoplasm
11489-31024_A_6_5.jpg,ENSG00000152291,Golgi Apparatus;Nucleoplasm
12609-30927_A_3_5.jpg,ENSG00000152291,Golgi Apparatus;Nucleoplasm
12723-31032_A_4_5.jpg,ENSG00000152291,Golgi Apparatus;Nucleoplasm
12723-31032_A_9_4.jpg,ENSG00000152291,Golgi Apparatus;Nucleoplasm
11489-31024_A_3_5.jpg,ENSG00000152291,Golgi Apparatus;Nucleoplasm
12609-30927_A_6_5.jpg,ENSG00000152291,Golgi Apparatus;Nucleoplasm
12723-31032_A_1_5.jpg,ENSG00000152291,Golgi Apparatus;Nucleoplasm
12609-30927_A_2_5.jpg,ENSG00000152291,Golgi Apparatus;Nucleoplasm
12723-31032_A_8_4.jpg,ENSG00000152291,Golgi Apparatus;Nucleoplasm
11489-31024_A_2_5.jpg,ENSG00000152291,Golgi Apparatus;Nucleoplasm
12723-31032_A_7_4.jpg,ENSG00000152291,Golgi Apparatus;Nucleoplasm
11489-31024_A_1_5.jpg,ENSG00000152291,Golgi Apparatus;Nucleoplasm
12609-30927_A_4_5.jpg,ENSG00000152291,Golgi Apparatus;Nucleoplasm
12723-31032_A_3_5.jpg,ENSG00000152291,Golgi Apparatus;Nucleoplasm
11489-31024_A_4_5.jpg,ENSG00000152291,Golgi Apparatus;Nucleoplasm
12609-30927_A_1_5.jpg,ENSG00000152291,Golgi Apparatus;Nucleoplasm
12723-31032_A_6_5.jpg,ENSG00000152291,Golgi Apparatus;Nucleoplasm
12723-31032_A_2_5.jpg,ENSG00000152291,Golgi Apparatus;Nucleoplasm
56820-131374_A_4_5.jpg,ENSG00000152795,Nucleoplasm
56820-131374_A_5_5.jpg,ENSG00000152795,Nucleoplasm
56820-131374_A_6_5.jpg,ENSG00000152795,Nucleoplasm
20344-50451_A_6_5.jpg,ENSG00000153015,Nucleoplasm
20344-50451_A_4_5.jpg,ENSG00000153015,Nucleoplasm
20344-50451_A_5_5.jpg,ENSG00000153015,Nucleoplasm
36882-136691_A_6_5.jpg,ENSG00000153113,Endoplasmic Reticulum;Cytoplasm
36882-136691_A_3_5.jpg,ENSG00000153113,Endoplasmic Reticulum;Cytoplasm
9491-32219_A_4_5.jpg,ENSG00000153113,Endoplasmic Reticulum;Cytoplasm
36882-136691_A_2_5.jpg,ENSG00000153113,Endoplasmic Reticulum;Cytoplasm
9491-32219_A_1_5.jpg,ENSG00000153113,Endoplasmic Reticulum;Cytoplasm
36882-136691_A_1_5.jpg,ENSG00000153113,Endoplasmic Reticulum;Cytoplasm
9491-32219_A_2_5.jpg,ENSG00000153113,Endoplasmic Reticulum;Cytoplasm
9491-32219_A_3_5.jpg,ENSG00000153113,Endoplasmic Reticulum;Cytoplasm
9491-32219_A_6_5.jpg,ENSG00000153113,Endoplasmic Reticulum;Cytoplasm
23904-53171_A_6_5.jpg,ENSG00000156675,Vesicles
17037-38763_A_4_5.jpg,ENSG00000156675,Vesicles
25960-56054_A_4_5.jpg,ENSG00000156675,Vesicles
17037-38763_A_5_5.jpg,ENSG00000156675,Vesicles
25960-56054_A_6_5.jpg,ENSG00000156675,Vesicles
23904-53171_A_5_5.jpg,ENSG00000156675,Vesicles
23161-49970_A_3_5.jpg,ENSG00000157637,Golgi Apparatus
21374-48351_A_1_5.jpg,ENSG00000157637,Golgi Apparatus
23161-49970_A_2_5.jpg,ENSG00000157637,Golgi Apparatus
21374-48351_A_2_5.jpg,ENSG00000157637,Golgi Apparatus
23161-49970_A_1_5.jpg,ENSG00000157637,Golgi Apparatus
21374-48351_A_3_5.jpg,ENSG00000157637,Golgi Apparatus
21234-48570_A_4_5.jpg,ENSG00000159111,Mitochondria
21234-48570_A_9_4.jpg,ENSG00000159111,Mitochondria
21234-48570_A_7_4.jpg,ENSG00000159111,Mitochondria
21234-48570_A_8_4.jpg,ENSG00000159111,Mitochondria
21234-48570_A_6_5.jpg,ENSG00000159111,Mitochondria
32101-170500_A_2_5.jpg,ENSG00000160299,Cytoplasm
45095-103830_A_4_5.jpg,ENSG00000161016,Nucleoli;Endoplasmic Reticulum;Cytoplasm
45095-103830_A_1_5.jpg,ENSG00000161016,Nucleoli;Endoplasmic Reticulum;Cytoplasm
45095-103830_A_3_5.jpg,ENSG00000161016,Nucleoli;Endoplasmic Reticulum;Cytoplasm
45095-103830_A_2_5.jpg,ENSG00000161016,Nucleoli;Endoplasmic Reticulum;Cytoplasm
37017-79137_A_2_5.jpg,ENSG00000163320,Nucleoplasm
37017-79137_A_3_5.jpg,ENSG00000163320,Nucleoplasm
37017-79137_A_5_5.jpg,ENSG00000163320,Nucleoplasm
37017-79137_A_1_5.jpg,ENSG00000163320,Nucleoplasm
36592-74208_A_6_5.jpg,ENSG00000165732,Nucleoli;Nucleoplasm
36593-74193_A_6_5.jpg,ENSG00000165732,Nucleoli;Nucleoplasm
36592-74208_A_4_5.jpg,ENSG00000165732,Nucleoli;Nucleoplasm
36593-74193_A_5_5.jpg,ENSG00000165732,Nucleoli;Nucleoplasm
36592-74208_A_5_5.jpg,ENSG00000165732,Nucleoli;Nucleoplasm
36593-74193_A_4_5.jpg,ENSG00000165732,Nucleoli;Nucleoplasm
38521-137075_A_3_5.jpg,ENSG00000166313,Plasma Membrane
38521-137075_A_2_5.jpg,ENSG00000166313,Plasma Membrane
38521-137075_A_1_5.jpg,ENSG00000166313,Plasma Membrane
17097-38706_A_6_5.jpg,ENSG00000166986,Cytoplasm
17097-38706_A_5_5.jpg,ENSG00000166986,Cytoplasm
17097-38706_A_4_5.jpg,ENSG00000166986,Cytoplasm
37128-84369_A_4_5.jpg,ENSG00000167323,Endoplasmic Reticulum
37288-84355_A_6_5.jpg,ENSG00000167323,Endoplasmic Reticulum
37128-84369_A_1_5.jpg,ENSG00000167323,Endoplasmic Reticulum
11088-29192_A_6_5.jpg,ENSG00000167323,Endoplasmic Reticulum
37128-84369_A_5_5.jpg,ENSG00000167323,Endoplasmic Reticulum
37128-84369_A_3_5.jpg,ENSG00000167323,Endoplasmic Reticulum
37128-84369_A_6_5.jpg,ENSG00000167323,Endoplasmic Reticulum
37128-84369_A_2_5.jpg,ENSG00000167323,Endoplasmic Reticulum
37288-84355_A_5_5.jpg,ENSG00000167323,Endoplasmic Reticulum
63197-145626_A_6_5.jpg,ENSG00000168884,Nucleoplasm;Cytoplasm
63197-145626_A_5_5.jpg,ENSG00000168884,Nucleoplasm;Cytoplasm
63197-145626_A_4_5.jpg,ENSG00000168884,Nucleoplasm;Cytoplasm
23329-50974_A_4_5.jpg,ENSG00000171953,Cytoplasm
23329-50974_A_5_5.jpg,ENSG00000171953,Cytoplasm
23329-50974_A_6_5.jpg,ENSG00000171953,Cytoplasm
6725-18520_A_5_5.jpg,ENSG00000172613,Nucleoplasm
6725-18520_A_1_5.jpg,ENSG00000172613,Nucleoplasm
6725-18520_A_4_5.jpg,ENSG00000172613,Nucleoplasm
6725-18520_A_2_5.jpg,ENSG00000172613,Nucleoplasm
6725-18520_A_6_5.jpg,ENSG00000172613,Nucleoplasm
6725-18520_A_3_5.jpg,ENSG00000172613,Nucleoplasm
44130-100964_A_1_5.jpg,ENSG00000176386,Nucleoplasm
44130-100964_A_2_5.jpg,ENSG00000176386,Nucleoplasm
25541-55065_B_3_4.jpg,ENSG00000176978,Golgi Apparatus;Vesicles
25541-55065_B_2_4.jpg,ENSG00000176978,Golgi Apparatus;Vesicles
6313-17445_A_6_5.jpg,ENSG00000177463,Nucleoplasm
6313-17445_A_4_5.jpg,ENSG00000177463,Nucleoplasm
6313-17445_A_9_4.jpg,ENSG00000177463,Nucleoplasm
6313-17445_A_8_4.jpg,ENSG00000177463,Nucleoplasm
6313-17445_A_7_4.jpg,ENSG00000177463,Nucleoplasm
52096-120369_A_5_5.jpg,ENSG00000179950,Nucleoplasm
52096-120369_A_4_5.jpg,ENSG00000179950,Nucleoplasm
3857-11021_A_6_5.jpg,ENSG00000184047,Mitochondria
3857-11021_A_4_5.jpg,ENSG00000184047,Mitochondria
42123-103425_A_5_5.jpg,ENSG00000184900,Nucleoplasm
12180-32752_A_4_5.jpg,ENSG00000184900,Nucleoplasm
48064-117692_A_6_5.jpg,ENSG00000184900,Nucleoplasm
48064-117692_A_5_5.jpg,ENSG00000184900,Nucleoplasm
42123-103425_A_6_5.jpg,ENSG00000184900,Nucleoplasm
4872-14066_A_4_5.jpg,ENSG00000185359,Vesicles
4872-14066_A_5_5.jpg,ENSG00000185359,Vesicles
4872-14066_A_6_5.jpg,ENSG00000185359,Vesicles
56304-127505_A_6_5.jpg,ENSG00000186522,Cytoplasm
56304-127505_A_5_5.jpg,ENSG00000186522,Cytoplasm
56304-127505_A_4_5.jpg,ENSG00000186522,Cytoplasm
53653-126695_A_6_5.jpg,ENSG00000187954,Nucleoplasm
53653-126695_A_4_5.jpg,ENSG00000187954,Nucleoplasm
53653-126695_A_5_5.jpg,ENSG00000187954,Nucleoplasm
43809-104090_A_4_5.jpg,ENSG00000196313,Nuclear membrane;Nucleoplasm
43809-104090_A_5_5.jpg,ENSG00000196313,Nuclear membrane;Nucleoplasm
43809-104090_A_6_5.jpg,ENSG00000196313,Nuclear membrane;Nucleoplasm
40549-84815_A_5_5.jpg,ENSG00000197956,Plasma Membrane;Cytoplasm
7575-21633_A_9_4.jpg,ENSG00000197956,Plasma Membrane;Cytoplasm
7575-21633_A_7_4.jpg,ENSG00000197956,Plasma Membrane;Cytoplasm
40549-84815_A_4_5.jpg,ENSG00000197956,Plasma Membrane;Cytoplasm
7575-21633_A_8_4.jpg,ENSG00000197956,Plasma Membrane;Cytoplasm
2601-6726_A_7_4.jpg,ENSG00000197956,Plasma Membrane;Cytoplasm
2601-6726_A_8_4.jpg,ENSG00000197956,Plasma Membrane;Cytoplasm
40549-84815_A_6_5.jpg,ENSG00000197956,Plasma Membrane;Cytoplasm
2601-6726_A_4_5.jpg,ENSG00000197956,Plasma Membrane;Cytoplasm
2601-6726_A_9_4.jpg,ENSG00000197956,Plasma Membrane;Cytoplasm
41908-90267_A_5_5.jpg,ENSG00000206053,Plasma Membrane;Cytoplasm
41908-90267_A_1_5.jpg,ENSG00000206053,Plasma Membrane;Cytoplasm
41908-90267_A_4_5.jpg,ENSG00000206053,Plasma Membrane;Cytoplasm
41908-90267_A_2_5.jpg,ENSG00000206053,Plasma Membrane;Cytoplasm
41908-90267_A_6_5.jpg,ENSG00000206053,Plasma Membrane;Cytoplasm
41908-90267_A_3_5.jpg,ENSG00000206053,Plasma Membrane;Cytoplasm
36022-68284_A_6_5.jpg,ENSG00000214022,Nucleoplasm
36022-68284_A_5_5.jpg,ENSG00000214022,Nucleoplasm
59715-159906_A_2_5.jpg,ENSG00000278259,Cytoplasm
59715-159906_A_6_5.jpg,ENSG00000278259,Cytoplasm
59715-159906_A_3_5.jpg,ENSG00000278259,Cytoplasm
59715-159906_A_1_5.jpg,ENSG00000278259,Cytoplasm
59715-159906_A_4_5.jpg,ENSG00000278259,Cytoplasm
4390-11738_A_4_5.jpg,ENSG00000012061,Nucleoplasm
4390-11738_A_5_5.jpg,ENSG00000012061,Nucleoplasm
6669-17746_B_2_4.jpg,ENSG00000029363,Nucleoplasm
27770-57501_A_1_5.jpg,ENSG00000029363,Nucleoplasm
6669-17746_A_6_5.jpg,ENSG00000029363,Nucleoplasm
27770-57501_A_4_5.jpg,ENSG00000029363,Nucleoplasm
6669-17746_B_3_4.jpg,ENSG00000029363,Nucleoplasm
27770-57501_A_2_5.jpg,ENSG00000029363,Nucleoplasm
6669-17746_A_5_5.jpg,ENSG00000029363,Nucleoplasm
6669-17746_B_1_4.jpg,ENSG00000029363,Nucleoplasm
27770-57501_A_3_5.jpg,ENSG00000029363,Nucleoplasm
6669-17746_A_4_5.jpg,ENSG00000029363,Nucleoplasm
3845-10337_A_4_5.jpg,ENSG00000055332,Cytoplasm
63893-171500_A_5_5.jpg,ENSG00000055332,Cytoplasm
3845-10337_A_5_5.jpg,ENSG00000055332,Cytoplasm
63893-171500_B_2_4.jpg,ENSG00000055332,Cytoplasm
63893-171500_A_6_5.jpg,ENSG00000055332,Cytoplasm
63893-171500_B_3_4.jpg,ENSG00000055332,Cytoplasm
72487-171271_A_7_4.jpg,ENSG00000064601,Vesicles
72487-171271_A_5_5.jpg,ENSG00000064601,Vesicles
72487-171271_A_8_4.jpg,ENSG00000064601,Vesicles
72487-171271_A_1_5.jpg,ENSG00000064601,Vesicles
72487-171271_A_9_4.jpg,ENSG00000064601,Vesicles
72487-171271_A_2_5.jpg,ENSG00000064601,Vesicles
72487-171271_A_3_5.jpg,ENSG00000064601,Vesicles
11249-124470_A_2_5.jpg,ENSG00000078808,Golgi Apparatus
11249-124470_A_3_5.jpg,ENSG00000078808,Golgi Apparatus
11249-124470_A_1_5.jpg,ENSG00000078808,Golgi Apparatus
4468-11773_A_2_5.jpg,ENSG00000079246,Nucleoplasm
4468-11773_A_3_5.jpg,ENSG00000079246,Nucleoplasm
4468-11773_A_6_5.jpg,ENSG00000079246,Nucleoplasm
4468-11773_A_5_5.jpg,ENSG00000079246,Nucleoplasm
4468-11773_A_1_5.jpg,ENSG00000079246,Nucleoplasm
42933-129950_A_4_5.jpg,ENSG00000082898,Nuclear membrane;Nucleoplasm;Vesicles;Cytoplasm
42933-129950_A_5_5.jpg,ENSG00000082898,Nuclear membrane;Nucleoplasm;Vesicles;Cytoplasm
42933-129950_A_6_5.jpg,ENSG00000082898,Nuclear membrane;Nucleoplasm;Vesicles;Cytoplasm
9187-24846_A_5_5.jpg,ENSG00000088888,Mitochondria
9187-24846_A_8_4.jpg,ENSG00000088888,Mitochondria
53524-136093_A_4_5.jpg,ENSG00000088888,Mitochondria
9187-24846_A_7_4.jpg,ENSG00000088888,Mitochondria
9187-24846_A_4_5.jpg,ENSG00000088888,Mitochondria
9187-24846_A_9_4.jpg,ENSG00000088888,Mitochondria
53524-136093_A_5_5.jpg,ENSG00000088888,Mitochondria
9187-24846_A_1_5.jpg,ENSG00000088888,Mitochondria
49850-136089_A_4_5.jpg,ENSG00000088888,Mitochondria
49850-136089_A_9_4.jpg,ENSG00000088888,Mitochondria
9187-24846_A_2_5.jpg,ENSG00000088888,Mitochondria
49850-136089_A_5_5.jpg,ENSG00000088888,Mitochondria
49850-136089_A_8_4.jpg,ENSG00000088888,Mitochondria
9187-24846_A_3_5.jpg,ENSG00000088888,Mitochondria
49850-136089_A_7_4.jpg,ENSG00000088888,Mitochondria
9187-24846_A_6_5.jpg,ENSG00000088888,Mitochondria
34745-76854_A_2_5.jpg,ENSG00000090889,Nucleoplasm;Cytoplasm
34745-76854_A_1_5.jpg,ENSG00000090889,Nucleoplasm;Cytoplasm
47162-109446_A_4_5.jpg,ENSG00000093000,Nuclear membrane;Nucleoplasm
47162-109446_A_1_5.jpg,ENSG00000093000,Nuclear membrane;Nucleoplasm
47162-109446_A_2_5.jpg,ENSG00000093000,Nuclear membrane;Nucleoplasm
47162-109446_A_3_5.jpg,ENSG00000093000,Nuclear membrane;Nucleoplasm
47162-109446_A_6_5.jpg,ENSG00000093000,Nuclear membrane;Nucleoplasm
63142-143951_A_5_5.jpg,ENSG00000100201,Nucleoplasm
63142-143951_A_6_5.jpg,ENSG00000100201,Nucleoplasm
3037-19520_A_2_5.jpg,ENSG00000100216,Mitochondria
3037-19520_A_3_5.jpg,ENSG00000100216,Mitochondria
3037-19520_A_7_4.jpg,ENSG00000100216,Mitochondria
3037-19520_A_5_5.jpg,ENSG00000100216,Mitochondria
3037-19520_A_8_4.jpg,ENSG00000100216,Mitochondria
3037-19520_A_1_5.jpg,ENSG00000100216,Mitochondria
3037-19520_A_4_5.jpg,ENSG00000100216,Mitochondria
3037-19520_A_9_4.jpg,ENSG00000100216,Mitochondria
2457-7297_A_3_5.jpg,ENSG00000100603,Nucleoplasm
2457-7297_B_3_4.jpg,ENSG00000100603,Nucleoplasm
2457-7297_A_6_5.jpg,ENSG00000100603,Nucleoplasm
2457-7297_A_2_5.jpg,ENSG00000100603,Nucleoplasm
2457-7297_B_2_4.jpg,ENSG00000100603,Nucleoplasm
2457-7297_A_4_5.jpg,ENSG00000100603,Nucleoplasm
2457-7297_A_9_4.jpg,ENSG00000100603,Nucleoplasm
2457-7297_A_1_5.jpg,ENSG00000100603,Nucleoplasm
2457-7297_A_5_5.jpg,ENSG00000100603,Nucleoplasm
2457-7297_A_8_4.jpg,ENSG00000100603,Nucleoplasm
2457-7297_A_7_4.jpg,ENSG00000100603,Nucleoplasm
46477-114565_A_7_4.jpg,ENSG00000105323,Nucleoplasm
46290-114532_A_5_5.jpg,ENSG00000105323,Nucleoplasm
46477-114565_A_5_5.jpg,ENSG00000105323,Nucleoplasm
46477-114565_A_8_4.jpg,ENSG00000105323,Nucleoplasm
46290-114532_A_1_5.jpg,ENSG00000105323,Nucleoplasm
46477-114565_A_1_5.jpg,ENSG00000105323,Nucleoplasm
46290-114532_A_4_5.jpg,ENSG00000105323,Nucleoplasm
46477-114565_A_4_5.jpg,ENSG00000105323,Nucleoplasm
46477-114565_A_9_4.jpg,ENSG00000105323,Nucleoplasm
46290-114532_A_2_5.jpg,ENSG00000105323,Nucleoplasm
46477-114565_A_2_5.jpg,ENSG00000105323,Nucleoplasm
46290-114532_A_6_5.jpg,ENSG00000105323,Nucleoplasm
46477-114565_A_6_5.jpg,ENSG00000105323,Nucleoplasm
46290-114532_A_3_5.jpg,ENSG00000105323,Nucleoplasm
46477-114565_A_3_5.jpg,ENSG00000105323,Nucleoplasm
20347-45787_A_4_5.jpg,ENSG00000105953,Mitochondria
20347-45787_A_6_5.jpg,ENSG00000105953,Mitochondria
4439-17421_A_5_5.jpg,ENSG00000106211,Cytoplasm
47331-104843_A_5_5.jpg,ENSG00000106211,Cytoplasm
47331-104843_A_4_5.jpg,ENSG00000106211,Cytoplasm
497-616_A_8_4.jpg,ENSG00000106211,Cytoplasm
497-616_A_7_4.jpg,ENSG00000106211,Cytoplasm
47331-104843_A_6_5.jpg,ENSG00000106211,Cytoplasm
497-616_A_9_4.jpg,ENSG00000106211,Cytoplasm
4439-17421_A_6_5.jpg,ENSG00000106211,Cytoplasm
4059-13790_A_6_5.jpg,ENSG00000108262,Cytoplasm
4059-13790_A_4_5.jpg,ENSG00000108262,Cytoplasm
4059-13790_A_5_5.jpg,ENSG00000108262,Cytoplasm
54906-163287_A_6_5.jpg,ENSG00000108557,Nucleoplasm
26782-55918_A_5_5.jpg,ENSG00000109220,Vesicles;Plasma Membrane
26782-55918_A_4_5.jpg,ENSG00000109220,Vesicles;Plasma Membrane
46723-105589_A_4_5.jpg,ENSG00000115657,Golgi Apparatus
46723-105589_A_5_5.jpg,ENSG00000115657,Golgi Apparatus
27104-59583_A_4_5.jpg,ENSG00000116863,Nucleoplasm
27141-58676_A_4_5.jpg,ENSG00000116863,Nucleoplasm
27141-58676_A_5_5.jpg,ENSG00000116863,Nucleoplasm
27104-59583_A_3_5.jpg,ENSG00000116863,Nucleoplasm
27141-58676_A_6_5.jpg,ENSG00000116863,Nucleoplasm
27104-59583_A_6_5.jpg,ENSG00000116863,Nucleoplasm
27104-59583_A_2_5.jpg,ENSG00000116863,Nucleoplasm
19150-44743_A_3_5.jpg,ENSG00000118260,Nucleoplasm
19150-44743_A_6_5.jpg,ENSG00000118260,Nucleoplasm
3803-10233_A_1_5.jpg,ENSG00000118260,Nucleoplasm
19150-44743_A_2_5.jpg,ENSG00000118260,Nucleoplasm
3803-10233_A_5_5.jpg,ENSG00000118260,Nucleoplasm
19150-44743_A_4_5.jpg,ENSG00000118260,Nucleoplasm
19150-44743_A_9_4.jpg,ENSG00000118260,Nucleoplasm
3803-10233_A_3_5.jpg,ENSG00000118260,Nucleoplasm
19150-44743_A_1_5.jpg,ENSG00000118260,Nucleoplasm
3803-10233_A_6_5.jpg,ENSG00000118260,Nucleoplasm
19150-44743_A_5_5.jpg,ENSG00000118260,Nucleoplasm
19150-44743_A_8_4.jpg,ENSG00000118260,Nucleoplasm
3803-10233_A_2_5.jpg,ENSG00000118260,Nucleoplasm
19150-44743_A_7_4.jpg,ENSG00000118260,Nucleoplasm
2060-7263_A_2_5.jpg,ENSG00000120694,Nucleoplasm;Cytoplasm
2060-7263_A_6_5.jpg,ENSG00000120694,Nucleoplasm;Cytoplasm
2060-7263_A_3_5.jpg,ENSG00000120694,Nucleoplasm;Cytoplasm
2060-7263_A_5_5.jpg,ENSG00000120694,Nucleoplasm;Cytoplasm
2060-7263_A_1_5.jpg,ENSG00000120694,Nucleoplasm;Cytoplasm
2060-7263_A_4_5.jpg,ENSG00000120694,Nucleoplasm;Cytoplasm
11687-28343_A_7_4.jpg,ENSG00000125944,Nucleoplasm
11687-28343_A_5_5.jpg,ENSG00000125944,Nucleoplasm
11687-28343_A_8_4.jpg,ENSG00000125944,Nucleoplasm
11687-28343_A_1_5.jpg,ENSG00000125944,Nucleoplasm
11687-28343_A_4_5.jpg,ENSG00000125944,Nucleoplasm
11687-28343_A_9_4.jpg,ENSG00000125944,Nucleoplasm
11687-28343_A_2_5.jpg,ENSG00000125944,Nucleoplasm
11687-28343_A_6_5.jpg,ENSG00000125944,Nucleoplasm
11687-28343_A_3_5.jpg,ENSG00000125944,Nucleoplasm
37191-77362_A_5_5.jpg,ENSG00000128708,Nucleoplasm
37191-77362_A_4_5.jpg,ENSG00000128708,Nucleoplasm
43954-125144_A_4_5.jpg,ENSG00000129083,Golgi Apparatus;Vesicles;Cytoplasm
27999-58417_A_1_5.jpg,ENSG00000130770,Mitochondria
27999-58417_A_4_5.jpg,ENSG00000130770,Mitochondria
27999-58417_A_5_5.jpg,ENSG00000130770,Mitochondria
27999-58417_A_6_5.jpg,ENSG00000130770,Mitochondria
27999-58417_A_3_5.jpg,ENSG00000130770,Mitochondria
27999-58417_A_2_5.jpg,ENSG00000130770,Mitochondria
38135-125395_A_4_5.jpg,ENSG00000130787,Vesicles;Plasma Membrane;Cytoplasm
38136-125394_A_6_5.jpg,ENSG00000130787,Vesicles;Plasma Membrane;Cytoplasm
38135-125395_A_6_5.jpg,ENSG00000130787,Vesicles;Plasma Membrane;Cytoplasm
38136-125394_A_4_5.jpg,ENSG00000130787,Vesicles;Plasma Membrane;Cytoplasm
21311-49285_A_5_5.jpg,ENSG00000133835,Vesicles
21302-49281_A_3_5.jpg,ENSG00000133835,Vesicles
21311-49285_A_4_5.jpg,ENSG00000133835,Vesicles
21311-49285_A_6_5.jpg,ENSG00000133835,Vesicles
21302-49281_A_1_5.jpg,ENSG00000133835,Vesicles
39946-85232_A_2_5.jpg,ENSG00000134809,Mitochondria
39946-85232_A_3_5.jpg,ENSG00000134809,Mitochondria
39946-85232_A_6_5.jpg,ENSG00000134809,Mitochondria
39946-85232_A_4_5.jpg,ENSG00000134809,Mitochondria
39946-85232_A_1_5.jpg,ENSG00000134809,Mitochondria
1609-98870_A_1_5.jpg,ENSG00000135486,Nucleoplasm
1666-7551_A_1_5.jpg,ENSG00000135486,Nucleoplasm
1666-7551_A_4_5.jpg,ENSG00000135486,Nucleoplasm
1666-7551_A_9_4.jpg,ENSG00000135486,Nucleoplasm
10894-49392_A_4_5.jpg,ENSG00000135486,Nucleoplasm
1666-7551_A_7_4.jpg,ENSG00000135486,Nucleoplasm
10894-49392_A_1_5.jpg,ENSG00000135486,Nucleoplasm
10894-49392_B_1_4.jpg,ENSG00000135486,Nucleoplasm
1609-98870_A_5_5.jpg,ENSG00000135486,Nucleoplasm
1666-7551_A_5_5.jpg,ENSG00000135486,Nucleoplasm
1666-7551_A_8_4.jpg,ENSG00000135486,Nucleoplasm
10894-49392_A_2_5.jpg,ENSG00000135486,Nucleoplasm
10894-49392_B_2_4.jpg,ENSG00000135486,Nucleoplasm
1609-98870_A_6_5.jpg,ENSG00000135486,Nucleoplasm
1609-98870_A_3_5.jpg,ENSG00000135486,Nucleoplasm
1666-7551_B_3_4.jpg,ENSG00000135486,Nucleoplasm
10894-49392_A_3_5.jpg,ENSG00000135486,Nucleoplasm
10894-49392_A_6_5.jpg,ENSG00000135486,Nucleoplasm
1609-98870_A_2_5.jpg,ENSG00000135486,Nucleoplasm
1666-7551_A_2_5.jpg,ENSG00000135486,Nucleoplasm
38341-82766_A_4_5.jpg,ENSG00000137656,Nucleoplasm
38340-82781_A_6_5.jpg,ENSG00000137656,Nucleoplasm
38341-82766_A_6_5.jpg,ENSG00000137656,Nucleoplasm
38340-82781_A_4_5.jpg,ENSG00000137656,Nucleoplasm
38341-82766_B_2_4.jpg,ENSG00000137656,Nucleoplasm
9975-152716_A_5_5.jpg,ENSG00000137824,Mitochondria
9975-152716_A_4_5.jpg,ENSG00000137824,Mitochondria
9975-152716_A_1_5.jpg,ENSG00000137824,Mitochondria
9975-152716_B_1_4.jpg,ENSG00000137824,Mitochondria
9975-152716_A_2_5.jpg,ENSG00000137824,Mitochondria
9975-152716_B_2_4.jpg,ENSG00000137824,Mitochondria
9975-152716_A_3_5.jpg,ENSG00000137824,Mitochondria
9975-152716_B_3_4.jpg,ENSG00000137824,Mitochondria
9975-152716_A_6_5.jpg,ENSG00000137824,Mitochondria
21012-47618_A_6_5.jpg,ENSG00000138363,Plasma Membrane;Cytoplasm
13462-28451_A_4_5.jpg,ENSG00000138363,Plasma Membrane;Cytoplasm
13462-28451_A_6_5.jpg,ENSG00000138363,Plasma Membrane;Cytoplasm
21012-47618_A_5_5.jpg,ENSG00000138363,Plasma Membrane;Cytoplasm
44615-99055_A_6_5.jpg,ENSG00000139579,Nucleoplasm
39404-82995_A_9_4.jpg,ENSG00000140326,Cytoplasm
39404-82995_A_1_5.jpg,ENSG00000140326,Cytoplasm
40787-90421_A_4_5.jpg,ENSG00000140326,Cytoplasm
39404-82995_A_5_5.jpg,ENSG00000140326,Cytoplasm
39404-82995_A_8_4.jpg,ENSG00000140326,Cytoplasm
40787-90421_A_7_4.jpg,ENSG00000140326,Cytoplasm
39404-82995_A_7_4.jpg,ENSG00000140326,Cytoplasm
40787-90421_A_5_5.jpg,ENSG00000140326,Cytoplasm
40787-90421_A_8_4.jpg,ENSG00000140326,Cytoplasm
40787-90421_A_6_5.jpg,ENSG00000140326,Cytoplasm
39404-82995_A_6_5.jpg,ENSG00000140326,Cytoplasm
39404-82995_A_2_5.jpg,ENSG00000140326,Cytoplasm
16304-35718_B_2_4.jpg,ENSG00000140464,Nucleoplasm
8312-24520_A_4_5.jpg,ENSG00000140464,Nucleoplasm
16304-35718_B_3_4.jpg,ENSG00000140464,Nucleoplasm
16304-35718_A_6_5.jpg,ENSG00000140464,Nucleoplasm
8312-24520_A_5_5.jpg,ENSG00000140464,Nucleoplasm
16304-35718_A_5_5.jpg,ENSG00000140464,Nucleoplasm
8312-24520_A_6_5.jpg,ENSG00000140464,Nucleoplasm
16304-35718_A_4_5.jpg,ENSG00000140464,Nucleoplasm
16304-35718_B_1_4.jpg,ENSG00000140464,Nucleoplasm
27838-61623_B_2_4.jpg,ENSG00000141552,Nucleoli;Nucleoplasm
27838-61623_B_1_4.jpg,ENSG00000141552,Nucleoli;Nucleoplasm
6800-19167_A_4_5.jpg,ENSG00000143442,Nucleoplasm
6800-19167_A_5_5.jpg,ENSG00000143442,Nucleoplasm
6800-19167_A_6_5.jpg,ENSG00000143442,Nucleoplasm
37475-74076_A_4_5.jpg,ENSG00000145216,Nucleoplasm
37475-74076_A_6_5.jpg,ENSG00000145216,Nucleoplasm
22069-49570_A_4_5.jpg,ENSG00000147140,Nucleoplasm
22069-49570_A_9_4.jpg,ENSG00000147140,Nucleoplasm
54094-139334_A_5_5.jpg,ENSG00000147140,Nucleoplasm
54559-139379_A_2_5.jpg,ENSG00000147140,Nucleoplasm
22069-49570_A_1_5.jpg,ENSG00000147140,Nucleoplasm
22069-49570_A_5_5.jpg,ENSG00000147140,Nucleoplasm
22069-49570_A_8_4.jpg,ENSG00000147140,Nucleoplasm
54559-139379_A_3_5.jpg,ENSG00000147140,Nucleoplasm
22069-49570_A_7_4.jpg,ENSG00000147140,Nucleoplasm
54094-139334_A_1_5.jpg,ENSG00000147140,Nucleoplasm
22069-49570_A_3_5.jpg,ENSG00000147140,Nucleoplasm
22069-49570_B_3_4.jpg,ENSG00000147140,Nucleoplasm
54094-139334_A_2_5.jpg,ENSG00000147140,Nucleoplasm
54094-139334_B_2_4.jpg,ENSG00000147140,Nucleoplasm
54559-139379_A_5_5.jpg,ENSG00000147140,Nucleoplasm
54559-139379_A_8_4.jpg,ENSG00000147140,Nucleoplasm
54559-139379_A_7_4.jpg,ENSG00000147140,Nucleoplasm
22069-49570_A_2_5.jpg,ENSG00000147140,Nucleoplasm
22069-49570_B_2_4.jpg,ENSG00000147140,Nucleoplasm
54094-139334_A_3_5.jpg,ENSG00000147140,Nucleoplasm
54094-139334_B_3_4.jpg,ENSG00000147140,Nucleoplasm
54559-139379_A_9_4.jpg,ENSG00000147140,Nucleoplasm
54559-139379_A_1_5.jpg,ENSG00000147140,Nucleoplasm
571-1851_A_5_5.jpg,ENSG00000147383,Vesicles;Endoplasmic Reticulum
571-1851_A_4_5.jpg,ENSG00000147383,Vesicles;Endoplasmic Reticulum
571-1851_A_6_5.jpg,ENSG00000147383,Vesicles;Endoplasmic Reticulum
4551-17167_A_4_5.jpg,ENSG00000152942,Nucleoplasm
5448-17441_A_1_5.jpg,ENSG00000152942,Nucleoplasm
5448-17441_A_3_5.jpg,ENSG00000152942,Nucleoplasm
4551-17167_A_6_5.jpg,ENSG00000152942,Nucleoplasm
5448-17441_A_2_5.jpg,ENSG00000152942,Nucleoplasm
7043-21485_A_5_5.jpg,ENSG00000156515,Mitochondria
10052-29589_A_6_5.jpg,ENSG00000156515,Mitochondria
7043-21485_A_4_5.jpg,ENSG00000156515,Mitochondria
7044-21481_A_4_5.jpg,ENSG00000156515,Mitochondria
7044-21481_A_5_5.jpg,ENSG00000156515,Mitochondria
10052-29589_A_4_5.jpg,ENSG00000156515,Mitochondria
37687-81866_A_5_5.jpg,ENSG00000161021,Nucleoplasm
37687-81866_A_6_5.jpg,ENSG00000161021,Nucleoplasm
3479-10983_A_4_5.jpg,ENSG00000163435,Nucleoplasm
3479-10983_A_5_5.jpg,ENSG00000163435,Nucleoplasm
3316-10987_A_6_5.jpg,ENSG00000163435,Nucleoplasm
3316-10987_A_5_5.jpg,ENSG00000163435,Nucleoplasm
3479-10983_A_6_5.jpg,ENSG00000163435,Nucleoplasm
3316-10987_A_4_5.jpg,ENSG00000163435,Nucleoplasm
44001-96869_A_2_5.jpg,ENSG00000165264,Mitochondria
44001-96869_A_3_5.jpg,ENSG00000165264,Mitochondria
44001-96869_A_1_5.jpg,ENSG00000165264,Mitochondria
44001-96869_A_4_5.jpg,ENSG00000165264,Mitochondria
21648-48752_A_4_5.jpg,ENSG00000165688,Mitochondria
21648-48752_A_5_5.jpg,ENSG00000165688,Mitochondria
20664-46839_A_4_5.jpg,ENSG00000166946,Nucleoplasm
20664-46839_B_1_4.jpg,ENSG00000166946,Nucleoplasm
68461-154848_A_4_5.jpg,ENSG00000168495,Nucleoplasm
68461-154848_A_5_5.jpg,ENSG00000168495,Nucleoplasm
68461-154848_A_6_5.jpg,ENSG00000168495,Nucleoplasm
1677-7405_A_8_4.jpg,ENSG00000173905,Golgi Apparatus
2315-7571_A_9_4.jpg,ENSG00000173905,Golgi Apparatus
1677-7405_A_7_4.jpg,ENSG00000173905,Golgi Apparatus
1677-7405_A_9_4.jpg,ENSG00000173905,Golgi Apparatus
2315-7571_A_8_4.jpg,ENSG00000173905,Golgi Apparatus
2315-7571_A_7_4.jpg,ENSG00000173905,Golgi Apparatus
40040-96349_A_5_5.jpg,ENSG00000175203,Cytoplasm
39715-96353_A_6_5.jpg,ENSG00000175203,Cytoplasm
40040-96349_A_1_5.jpg,ENSG00000175203,Cytoplasm
40040-96349_A_4_5.jpg,ENSG00000175203,Cytoplasm
39715-96353_A_5_5.jpg,ENSG00000175203,Cytoplasm
40040-96349_A_2_5.jpg,ENSG00000175203,Cytoplasm
40040-96349_A_6_5.jpg,ENSG00000175203,Cytoplasm
39715-96353_A_4_5.jpg,ENSG00000175203,Cytoplasm
40040-96349_A_3_5.jpg,ENSG00000175203,Cytoplasm
75730-159139_B_1_4.jpg,ENSG00000178952,Mitochondria
24087-58883_A_4_5.jpg,ENSG00000178952,Mitochondria
24087-58883_A_5_5.jpg,ENSG00000178952,Mitochondria
75730-159139_A_5_5.jpg,ENSG00000178952,Mitochondria
75731-159143_A_5_5.jpg,ENSG00000178952,Mitochondria
24087-58883_A_6_5.jpg,ENSG00000178952,Mitochondria
75730-159139_A_6_5.jpg,ENSG00000178952,Mitochondria
75731-159143_A_6_5.jpg,ENSG00000178952,Mitochondria
75730-159139_B_3_4.jpg,ENSG00000178952,Mitochondria
75730-159139_B_2_4.jpg,ENSG00000178952,Mitochondria
23335-50966_A_4_5.jpg,ENSG00000179604,Plasma Membrane;Cytoplasm
23335-50966_A_5_5.jpg,ENSG00000179604,Plasma Membrane;Cytoplasm
23335-50966_A_6_5.jpg,ENSG00000179604,Plasma Membrane;Cytoplasm
3097-8723_A_6_5.jpg,ENSG00000186575,Nucleoplasm;Plasma Membrane;Cytoplasm
3097-8723_A_4_5.jpg,ENSG00000186575,Nucleoplasm;Plasma Membrane;Cytoplasm
452-1886_A_5_5.jpg,ENSG00000186847,Cytoplasm
452-1886_A_8_4.jpg,ENSG00000186847,Cytoplasm
452-1886_A_7_4.jpg,ENSG00000186847,Cytoplasm
452-1886_A_4_5.jpg,ENSG00000186847,Cytoplasm
452-1886_A_9_4.jpg,ENSG00000186847,Cytoplasm
452-1886_A_2_5.jpg,ENSG00000186847,Cytoplasm
452-1886_A_3_5.jpg,ENSG00000186847,Cytoplasm
452-1886_A_6_5.jpg,ENSG00000186847,Cytoplasm
9603-27759_A_5_5.jpg,ENSG00000197265,Nucleoplasm
9603-27759_A_1_5.jpg,ENSG00000197265,Nucleoplasm
9603-27759_A_4_5.jpg,ENSG00000197265,Nucleoplasm
9603-27759_A_6_5.jpg,ENSG00000197265,Nucleoplasm
9603-27759_A_3_5.jpg,ENSG00000197265,Nucleoplasm
23447-53287_A_4_5.jpg,ENSG00000198231,Nucleoplasm
25941-56907_A_2_5.jpg,ENSG00000198231,Nucleoplasm
25941-56907_A_3_5.jpg,ENSG00000198231,Nucleoplasm
25941-56907_A_5_5.jpg,ENSG00000198231,Nucleoplasm
25941-56907_A_1_5.jpg,ENSG00000198231,Nucleoplasm
25941-56907_A_4_5.jpg,ENSG00000198231,Nucleoplasm
6623-19342_A_1_5.jpg,ENSG00000198824,Nucleoplasm
6623-19342_A_4_5.jpg,ENSG00000198824,Nucleoplasm
6623-19342_A_9_4.jpg,ENSG00000198824,Nucleoplasm
6623-19342_A_7_4.jpg,ENSG00000198824,Nucleoplasm
8900-23948_A_6_5.jpg,ENSG00000198824,Nucleoplasm
6623-19342_A_5_5.jpg,ENSG00000198824,Nucleoplasm
6623-19342_A_8_4.jpg,ENSG00000198824,Nucleoplasm
6623-19342_A_3_5.jpg,ENSG00000198824,Nucleoplasm
8900-23948_A_5_5.jpg,ENSG00000198824,Nucleoplasm
6623-19342_A_2_5.jpg,ENSG00000198824,Nucleoplasm
8900-23948_A_4_5.jpg,ENSG00000198824,Nucleoplasm
17430-39662_A_6_5.jpg,ENSG00000214253,Mitochondria
17430-39662_A_5_5.jpg,ENSG00000214253,Mitochondria
17430-39662_A_4_5.jpg,ENSG00000214253,Mitochondria
4595-11643_A_5_5.jpg,ENSG00000263001,Nucleoplasm
26638-55811_A_5_5.jpg,ENSG00000263001,Nucleoplasm
4595-11643_A_4_5.jpg,ENSG00000263001,Nucleoplasm
26638-55811_A_4_5.jpg,ENSG00000263001,Nucleoplasm
4595-11643_B_2_4.jpg,ENSG00000263001,Nucleoplasm
26638-55811_A_6_5.jpg,ENSG00000263001,Nucleoplasm
4595-11643_B_3_4.jpg,ENSG00000263001,Nucleoplasm
23010-50142_A_3_5.jpg,ENSG00000011295,Mitochondria
23010-50142_B_3_4.jpg,ENSG00000011295,Mitochondria
23010-50142_A_6_5.jpg,ENSG00000011295,Mitochondria
23010-50142_A_2_5.jpg,ENSG00000011295,Mitochondria
23010-50142_B_2_4.jpg,ENSG00000011295,Mitochondria
23010-50142_A_4_5.jpg,ENSG00000011295,Mitochondria
23010-50142_A_1_5.jpg,ENSG00000011295,Mitochondria
23010-50142_A_5_5.jpg,ENSG00000011295,Mitochondria
22923-49643_A_4_5.jpg,ENSG00000011451,Nucleoplasm
22923-49643_A_1_5.jpg,ENSG00000011451,Nucleoplasm
22923-49643_A_5_5.jpg,ENSG00000011451,Nucleoplasm
22923-49643_A_3_5.jpg,ENSG00000011451,Nucleoplasm
22923-49643_A_6_5.jpg,ENSG00000011451,Nucleoplasm
22923-49643_A_2_5.jpg,ENSG00000011451,Nucleoplasm
19394-43509_A_4_5.jpg,ENSG00000030582,Vesicles;Endoplasmic Reticulum
28747-61533_A_2_5.jpg,ENSG00000030582,Vesicles;Endoplasmic Reticulum
28747-61533_A_3_5.jpg,ENSG00000030582,Vesicles;Endoplasmic Reticulum
28747-61533_A_6_5.jpg,ENSG00000030582,Vesicles;Endoplasmic Reticulum
28747-61533_A_5_5.jpg,ENSG00000030582,Vesicles;Endoplasmic Reticulum
19394-43509_A_6_5.jpg,ENSG00000030582,Vesicles;Endoplasmic Reticulum
28747-61533_A_4_5.jpg,ENSG00000030582,Vesicles;Endoplasmic Reticulum
28747-61533_A_1_5.jpg,ENSG00000030582,Vesicles;Endoplasmic Reticulum
19661-44605_A_5_5.jpg,ENSG00000047410,Nuclear membrane
19663-44609_A_5_5.jpg,ENSG00000047410,Nuclear membrane
24336-53506_A_2_5.jpg,ENSG00000047410,Nuclear membrane
19661-44605_A_4_5.jpg,ENSG00000047410,Nuclear membrane
19663-44609_A_4_5.jpg,ENSG00000047410,Nuclear membrane
24336-53506_A_3_5.jpg,ENSG00000047410,Nuclear membrane
24336-53506_A_6_5.jpg,ENSG00000047410,Nuclear membrane
24336-53506_A_5_5.jpg,ENSG00000047410,Nuclear membrane
24336-53506_A_4_5.jpg,ENSG00000047410,Nuclear membrane
19661-44605_A_6_5.jpg,ENSG00000047410,Nuclear membrane
19663-44609_A_6_5.jpg,ENSG00000047410,Nuclear membrane
24336-53506_A_1_5.jpg,ENSG00000047410,Nuclear membrane
44009-101770_A_6_5.jpg,ENSG00000051596,Nucleoplasm
44009-101770_A_2_5.jpg,ENSG00000051596,Nucleoplasm
44009-101770_A_1_5.jpg,ENSG00000051596,Nucleoplasm
44009-101770_A_4_5.jpg,ENSG00000051596,Nucleoplasm
44009-101770_A_5_5.jpg,ENSG00000051596,Nucleoplasm
41477-92534_B_2_4.jpg,ENSG00000058600,Nucleoplasm
41477-92534_A_6_5.jpg,ENSG00000058600,Nucleoplasm
41477-92534_A_5_5.jpg,ENSG00000058600,Nucleoplasm
41477-92534_B_1_4.jpg,ENSG00000058600,Nucleoplasm
45119-100232_A_3_5.jpg,ENSG00000060762,Mitochondria
45119-100232_A_2_5.jpg,ENSG00000060762,Mitochondria
45119-100232_A_9_4.jpg,ENSG00000060762,Mitochondria
45119-100232_A_1_5.jpg,ENSG00000060762,Mitochondria
45119-100232_A_8_4.jpg,ENSG00000060762,Mitochondria
45119-100232_A_7_4.jpg,ENSG00000060762,Mitochondria
41557-86878_A_5_5.jpg,ENSG00000064607,Nucleoplasm
23822-52461_A_4_5.jpg,ENSG00000066777,Golgi Apparatus;Nucleoplasm;Cytoplasm
23822-52461_A_5_5.jpg,ENSG00000066777,Golgi Apparatus;Nucleoplasm;Cytoplasm
23822-52461_A_6_5.jpg,ENSG00000066777,Golgi Apparatus;Nucleoplasm;Cytoplasm
4716-13706_A_5_5.jpg,ENSG00000068796,Nucleoli;Nucleoplasm;Cytoplasm
38238-83461_A_5_5.jpg,ENSG00000070814,Nucleoli
16997-140496_A_6_5.jpg,ENSG00000072682,Endoplasmic Reticulum
16997-140496_A_4_5.jpg,ENSG00000072682,Endoplasmic Reticulum
69394-150509_A_4_5.jpg,ENSG00000074800,Plasma Membrane;Cytoplasm
69394-150509_A_5_5.jpg,ENSG00000074800,Plasma Membrane;Cytoplasm
69394-150509_A_6_5.jpg,ENSG00000074800,Plasma Membrane;Cytoplasm
8247-23241_A_3_5.jpg,ENSG00000082212,Mitochondria
8880-23264_A_3_5.jpg,ENSG00000082212,Mitochondria
8247-23241_A_1_5.jpg,ENSG00000082212,Mitochondria
8880-23264_A_1_5.jpg,ENSG00000082212,Mitochondria
42858-108062_A_6_5.jpg,ENSG00000087087,Nucleoplasm
42858-108062_A_4_5.jpg,ENSG00000087087,Nucleoplasm
9078-24774_A_5_5.jpg,ENSG00000089063,Endoplasmic Reticulum
9078-24774_A_8_4.jpg,ENSG00000089063,Endoplasmic Reticulum
9078-24774_A_7_4.jpg,ENSG00000089063,Endoplasmic Reticulum
9078-24774_A_4_5.jpg,ENSG00000089063,Endoplasmic Reticulum
9078-24774_A_9_4.jpg,ENSG00000089063,Endoplasmic Reticulum
9078-24774_A_6_5.jpg,ENSG00000089063,Endoplasmic Reticulum
40870-86642_A_9_4.jpg,ENSG00000090861,Cytoplasm
40870-86642_A_8_4.jpg,ENSG00000090861,Cytoplasm
40870-86642_A_7_4.jpg,ENSG00000090861,Cytoplasm
16446-37925_A_4_5.jpg,ENSG00000091164,Cytoplasm
16446-37925_A_1_5.jpg,ENSG00000091164,Cytoplasm
16446-37925_B_1_4.jpg,ENSG00000091164,Cytoplasm
16446-37925_A_3_5.jpg,ENSG00000091164,Cytoplasm
16446-37925_B_3_4.jpg,ENSG00000091164,Cytoplasm
16446-37925_A_6_5.jpg,ENSG00000091164,Cytoplasm
16446-37925_A_2_5.jpg,ENSG00000091164,Cytoplasm
16446-37925_B_2_4.jpg,ENSG00000091164,Cytoplasm
6295-18379_A_6_5.jpg,ENSG00000096717,Mitochondria;Nucleoplasm;Cytoplasm
6295-18379_A_4_5.jpg,ENSG00000096717,Mitochondria;Nucleoplasm;Cytoplasm
6295-18379_A_5_5.jpg,ENSG00000096717,Mitochondria;Nucleoplasm;Cytoplasm
827-1576_A_2_5.jpg,ENSG00000100142,Nucleoli;Nucleoplasm
827-1576_A_6_5.jpg,ENSG00000100142,Nucleoli;Nucleoplasm
4112-13123_A_5_5.jpg,ENSG00000100393,Nucleoplasm
4112-13123_A_6_5.jpg,ENSG00000100393,Nucleoplasm
1290-5140_A_1_5.jpg,ENSG00000100714,Cytoplasm
1290-5140_A_4_5.jpg,ENSG00000100714,Cytoplasm
1290-5140_A_2_5.jpg,ENSG00000100714,Cytoplasm
29207-62309_A_6_5.jpg,ENSG00000100906,Cytoplasm
29207-62309_A_5_5.jpg,ENSG00000100906,Cytoplasm
29207-62309_A_4_5.jpg,ENSG00000100906,Cytoplasm
1871-6706_A_8_4.jpg,ENSG00000104611,Cytoplasm
1871-6706_A_7_4.jpg,ENSG00000104611,Cytoplasm
1871-6706_A_4_5.jpg,ENSG00000104611,Cytoplasm
1871-6706_A_9_4.jpg,ENSG00000104611,Cytoplasm
1871-6706_A_1_5.jpg,ENSG00000104611,Cytoplasm
1871-6706_A_2_5.jpg,ENSG00000104611,Cytoplasm
1871-6706_A_3_5.jpg,ENSG00000104611,Cytoplasm
25371-54551_A_3_5.jpg,ENSG00000104765,Mitochondria
25371-54551_A_2_5.jpg,ENSG00000104765,Mitochondria
15652-44002_A_5_5.jpg,ENSG00000104765,Mitochondria
25371-54551_A_1_5.jpg,ENSG00000104765,Mitochondria
25371-54551_A_4_5.jpg,ENSG00000104765,Mitochondria
15652-44002_A_4_5.jpg,ENSG00000104765,Mitochondria
25371-54551_A_5_5.jpg,ENSG00000104765,Mitochondria
32824-66583_A_4_5.jpg,ENSG00000105856,Nucleoplasm
32824-66583_A_5_5.jpg,ENSG00000105856,Nucleoplasm
32824-66583_A_6_5.jpg,ENSG00000105856,Nucleoplasm
39227-85697_A_5_5.jpg,ENSG00000110048,Golgi Apparatus;Cytoplasm
39227-85697_B_2_4.jpg,ENSG00000110048,Golgi Apparatus;Cytoplasm
39227-85697_A_6_5.jpg,ENSG00000110048,Golgi Apparatus;Cytoplasm
39227-85697_B_3_4.jpg,ENSG00000110048,Golgi Apparatus;Cytoplasm
40067-100847_A_3_5.jpg,ENSG00000111640,Plasma Membrane;Cytoplasm
40067-100847_A_2_5.jpg,ENSG00000111640,Plasma Membrane;Cytoplasm
40067-100847_A_4_5.jpg,ENSG00000111640,Plasma Membrane;Cytoplasm
40067-100847_A_1_5.jpg,ENSG00000111640,Plasma Membrane;Cytoplasm
40067-100847_A_5_5.jpg,ENSG00000111640,Plasma Membrane;Cytoplasm
35645-71119_A_3_5.jpg,ENSG00000113163,Golgi Apparatus;Nucleoplasm
42608-170909_A_6_5.jpg,ENSG00000113163,Golgi Apparatus;Nucleoplasm
35645-71119_A_4_5.jpg,ENSG00000113163,Golgi Apparatus;Nucleoplasm
35645-71119_A_1_5.jpg,ENSG00000113163,Golgi Apparatus;Nucleoplasm
18737-43452_B_3_4.jpg,ENSG00000114450,Plasma Membrane
18383-43456_A_5_5.jpg,ENSG00000114450,Plasma Membrane
18737-43452_B_2_4.jpg,ENSG00000114450,Plasma Membrane
18383-43456_A_6_5.jpg,ENSG00000114450,Plasma Membrane
18737-43452_B_1_4.jpg,ENSG00000114450,Plasma Membrane
11501-27240_A_6_5.jpg,ENSG00000114861,Nucleoplasm
11501-27240_A_4_5.jpg,ENSG00000114861,Nucleoplasm
41838-90127_A_4_5.jpg,ENSG00000123737,Nucleoli
41838-90127_A_5_5.jpg,ENSG00000123737,Nucleoli
41838-90127_A_6_5.jpg,ENSG00000123737,Nucleoli
22002-50407_A_4_5.jpg,ENSG00000124523,Mitochondria
22992-50337_A_4_5.jpg,ENSG00000124523,Mitochondria
35636-73287_A_4_5.jpg,ENSG00000124608,Mitochondria
35636-73287_A_5_5.jpg,ENSG00000124608,Mitochondria
35636-73287_A_6_5.jpg,ENSG00000124608,Mitochondria
41082-123284_A_5_5.jpg,ENSG00000126602,Mitochondria
44227-123229_A_2_5.jpg,ENSG00000126602,Mitochondria
41082-123284_A_1_5.jpg,ENSG00000126602,Mitochondria
44227-123229_A_6_5.jpg,ENSG00000126602,Mitochondria
41082-123284_A_4_5.jpg,ENSG00000126602,Mitochondria
44227-123229_A_3_5.jpg,ENSG00000126602,Mitochondria
44227-123229_A_7_4.jpg,ENSG00000126602,Mitochondria
41082-123284_A_2_5.jpg,ENSG00000126602,Mitochondria
44227-123229_A_8_4.jpg,ENSG00000126602,Mitochondria
41082-123284_A_6_5.jpg,ENSG00000126602,Mitochondria
44227-123229_A_1_5.jpg,ENSG00000126602,Mitochondria
41082-123284_A_3_5.jpg,ENSG00000126602,Mitochondria
44227-123229_A_9_4.jpg,ENSG00000126602,Mitochondria
16402-38187_A_9_4.jpg,ENSG00000127946,Vesicles
16402-38187_A_7_4.jpg,ENSG00000127946,Vesicles
16402-38187_A_8_4.jpg,ENSG00000127946,Vesicles
30520-113181_A_5_5.jpg,ENSG00000132780,Nucleoplasm
30520-113181_A_4_5.jpg,ENSG00000132780,Nucleoplasm
49941-112850_A_5_5.jpg,ENSG00000133226,Nucleoplasm
49941-112850_A_1_5.jpg,ENSG00000133226,Nucleoplasm
49941-112850_A_2_5.jpg,ENSG00000133226,Nucleoplasm
49941-112850_A_3_5.jpg,ENSG00000133226,Nucleoplasm
38903-84537_B_2_4.jpg,ENSG00000134283,Nucleoplasm
38902-84272_A_6_5.jpg,ENSG00000134283,Nucleoplasm
38903-84537_A_6_5.jpg,ENSG00000134283,Nucleoplasm
38902-84272_A_5_5.jpg,ENSG00000134283,Nucleoplasm
38903-84537_A_5_5.jpg,ENSG00000134283,Nucleoplasm
38903-84537_B_1_4.jpg,ENSG00000134283,Nucleoplasm
38902-84272_A_4_5.jpg,ENSG00000134283,Nucleoplasm
38903-84537_A_4_5.jpg,ENSG00000134283,Nucleoplasm
18954-43886_A_6_5.jpg,ENSG00000134684,Cytoplasm
17936-43882_A_6_5.jpg,ENSG00000134684,Cytoplasm
17936-43882_A_4_5.jpg,ENSG00000134684,Cytoplasm
17936-43882_A_9_4.jpg,ENSG00000134684,Cytoplasm
18954-43886_A_4_5.jpg,ENSG00000134684,Cytoplasm
17936-43882_A_5_5.jpg,ENSG00000134684,Cytoplasm
17936-43882_A_8_4.jpg,ENSG00000134684,Cytoplasm
17936-43882_A_7_4.jpg,ENSG00000134684,Cytoplasm
18954-43886_A_5_5.jpg,ENSG00000134684,Cytoplasm
12179-28986_A_9_4.jpg,ENSG00000134698,Nucleoplasm;Cytoplasm
12179-28986_A_7_4.jpg,ENSG00000134698,Nucleoplasm;Cytoplasm
12179-28986_A_8_4.jpg,ENSG00000134698,Nucleoplasm;Cytoplasm
34962-71080_A_6_5.jpg,ENSG00000134884,Mitochondria;Nucleoplasm
34962-71080_A_5_5.jpg,ENSG00000134884,Mitochondria;Nucleoplasm
34962-71080_A_4_5.jpg,ENSG00000134884,Mitochondria;Nucleoplasm
34517-69051_A_4_5.jpg,ENSG00000135940,Mitochondria
34517-69051_A_9_4.jpg,ENSG00000135940,Mitochondria
34517-69051_A_1_5.jpg,ENSG00000135940,Mitochondria
34517-69051_A_5_5.jpg,ENSG00000135940,Mitochondria
34517-69051_A_8_4.jpg,ENSG00000135940,Mitochondria
34517-69051_A_7_4.jpg,ENSG00000135940,Mitochondria
34517-69051_A_3_5.jpg,ENSG00000135940,Mitochondria
34517-69051_A_6_5.jpg,ENSG00000135940,Mitochondria
34517-69051_A_2_5.jpg,ENSG00000135940,Mitochondria
21232-49245_A_2_5.jpg,ENSG00000136819,Nucleoplasm
21216-49241_A_6_5.jpg,ENSG00000136819,Nucleoplasm
21232-49245_A_3_5.jpg,ENSG00000136819,Nucleoplasm
21232-49245_A_6_5.jpg,ENSG00000136819,Nucleoplasm
21242-50415_A_6_5.jpg,ENSG00000136819,Nucleoplasm
21216-49241_A_4_5.jpg,ENSG00000136819,Nucleoplasm
21232-49245_A_5_5.jpg,ENSG00000136819,Nucleoplasm
21242-50415_A_5_5.jpg,ENSG00000136819,Nucleoplasm
21216-49241_A_5_5.jpg,ENSG00000136819,Nucleoplasm
21232-49245_A_4_5.jpg,ENSG00000136819,Nucleoplasm
21242-50415_A_4_5.jpg,ENSG00000136819,Nucleoplasm
21232-49245_A_1_5.jpg,ENSG00000136819,Nucleoplasm
37269-85416_A_4_5.jpg,ENSG00000136986,Endoplasmic Reticulum
37269-85416_A_5_5.jpg,ENSG00000136986,Endoplasmic Reticulum
64930-150529_A_4_5.jpg,ENSG00000137074,Nucleoli;Nucleoplasm
64930-150529_B_3_4.jpg,ENSG00000137074,Nucleoli;Nucleoplasm
64930-150529_A_6_5.jpg,ENSG00000137074,Nucleoli;Nucleoplasm
54514-127561_A_2_5.jpg,ENSG00000137502,Vesicles
54514-127561_A_3_5.jpg,ENSG00000137502,Vesicles
54514-127561_A_1_5.jpg,ENSG00000137502,Vesicles
35790-70607_A_5_5.jpg,ENSG00000138430,Cytoplasm
35790-70607_A_1_5.jpg,ENSG00000138430,Cytoplasm
35790-70607_A_2_5.jpg,ENSG00000138430,Cytoplasm
35790-70607_A_3_5.jpg,ENSG00000138430,Cytoplasm
35790-70607_A_6_5.jpg,ENSG00000138430,Cytoplasm
50288-119394_A_6_5.jpg,ENSG00000141027,Nucleoplasm;Cytoplasm
50288-119394_A_4_5.jpg,ENSG00000141027,Nucleoplasm;Cytoplasm
50288-119394_A_5_5.jpg,ENSG00000141027,Nucleoplasm;Cytoplasm
59143-138200_A_1_5.jpg,ENSG00000141367,Vesicles
59143-138200_A_3_5.jpg,ENSG00000141367,Vesicles
59143-138200_A_2_5.jpg,ENSG00000141367,Vesicles
21485-49412_A_5_5.jpg,ENSG00000141985,Cytoplasm
21485-49412_A_4_5.jpg,ENSG00000141985,Cytoplasm
35848-70801_A_3_5.jpg,ENSG00000146067,Nucleoplasm
35848-70801_B_3_4.jpg,ENSG00000146067,Nucleoplasm
35848-70801_A_6_5.jpg,ENSG00000146067,Nucleoplasm
35848-70801_A_2_5.jpg,ENSG00000146067,Nucleoplasm
35848-70801_B_2_4.jpg,ENSG00000146067,Nucleoplasm
35848-70801_A_4_5.jpg,ENSG00000146067,Nucleoplasm
35848-70801_A_1_5.jpg,ENSG00000146067,Nucleoplasm
35848-70801_B_1_4.jpg,ENSG00000146067,Nucleoplasm
35848-70801_A_5_5.jpg,ENSG00000146067,Nucleoplasm
80314-171886_A_8_4.jpg,ENSG00000146648,Plasma Membrane
80314-171886_A_7_4.jpg,ENSG00000146648,Plasma Membrane
80314-171886_A_9_4.jpg,ENSG00000146648,Plasma Membrane
80313-171832_B_1_4.jpg,ENSG00000146648,Plasma Membrane
80313-171832_B_2_4.jpg,ENSG00000146648,Plasma Membrane
35-895_A_2_5.jpg,ENSG00000146648,Plasma Membrane
80313-171832_B_3_4.jpg,ENSG00000146648,Plasma Membrane
35-895_A_3_5.jpg,ENSG00000146648,Plasma Membrane
19359-44671_A_6_5.jpg,ENSG00000146826,Vesicles;Cytoplasm
19359-44671_A_5_5.jpg,ENSG00000146826,Vesicles;Cytoplasm
30367-62541_A_4_5.jpg,ENSG00000147123,Mitochondria
30367-62541_A_6_5.jpg,ENSG00000147123,Mitochondria
59332-147300_A_5_5.jpg,ENSG00000153914,Nucleoplasm
59332-147300_A_4_5.jpg,ENSG00000153914,Nucleoplasm
59332-147300_A_6_5.jpg,ENSG00000153914,Nucleoplasm
30411-63345_A_6_5.jpg,ENSG00000154639,Plasma Membrane
3342-9664_A_4_5.jpg,ENSG00000154639,Plasma Membrane
3342-9664_A_9_4.jpg,ENSG00000154639,Plasma Membrane
30411-63345_A_3_5.jpg,ENSG00000154639,Plasma Membrane
30412-63355_A_2_5.jpg,ENSG00000154639,Plasma Membrane
3342-9664_A_5_5.jpg,ENSG00000154639,Plasma Membrane
3342-9664_A_8_4.jpg,ENSG00000154639,Plasma Membrane
30411-63345_A_2_5.jpg,ENSG00000154639,Plasma Membrane
30412-63355_A_3_5.jpg,ENSG00000154639,Plasma Membrane
3342-9664_A_7_4.jpg,ENSG00000154639,Plasma Membrane
30411-63345_A_1_5.jpg,ENSG00000154639,Plasma Membrane
3342-9664_A_6_5.jpg,ENSG00000154639,Plasma Membrane
30412-63355_A_1_5.jpg,ENSG00000154639,Plasma Membrane
30411-63345_A_5_5.jpg,ENSG00000154639,Plasma Membrane
44511-99579_A_5_5.jpg,ENSG00000154832,Nucleoplasm
44511-99579_A_1_5.jpg,ENSG00000154832,Nucleoplasm
44511-99579_B_1_4.jpg,ENSG00000154832,Nucleoplasm
44511-99579_A_2_5.jpg,ENSG00000154832,Nucleoplasm
44511-99579_B_2_4.jpg,ENSG00000154832,Nucleoplasm
44511-99579_A_3_5.jpg,ENSG00000154832,Nucleoplasm
44511-99579_B_3_4.jpg,ENSG00000154832,Nucleoplasm
15382-34410_A_5_5.jpg,ENSG00000155438,Nucleoli
18036-40782_A_5_5.jpg,ENSG00000156171,Golgi Apparatus;Vesicles
18036-40782_A_1_5.jpg,ENSG00000156171,Golgi Apparatus;Vesicles
18036-40782_A_2_5.jpg,ENSG00000156171,Golgi Apparatus;Vesicles
18036-40782_A_6_5.jpg,ENSG00000156171,Golgi Apparatus;Vesicles
18036-40782_A_3_5.jpg,ENSG00000156171,Golgi Apparatus;Vesicles
23535-52583_A_5_5.jpg,ENSG00000159140,Nucleoplasm
23535-52583_A_4_5.jpg,ENSG00000159140,Nucleoplasm
23535-52583_A_6_5.jpg,ENSG00000159140,Nucleoplasm
19791-47421_A_4_5.jpg,ENSG00000160194,Mitochondria
20463-47393_A_2_5.jpg,ENSG00000160194,Mitochondria
20463-47393_A_3_5.jpg,ENSG00000160194,Mitochondria
19791-47421_A_3_5.jpg,ENSG00000160194,Mitochondria
20463-47393_A_8_4.jpg,ENSG00000160194,Mitochondria
20463-47393_A_7_4.jpg,ENSG00000160194,Mitochondria
19791-47421_A_2_5.jpg,ENSG00000160194,Mitochondria
20463-47393_A_4_5.jpg,ENSG00000160194,Mitochondria
20463-47393_A_9_4.jpg,ENSG00000160194,Mitochondria
1969-5196_A_1_5.jpg,ENSG00000160633,Nucleoplasm
20076-46404_A_3_5.jpg,ENSG00000160633,Nucleoplasm
16832-37729_A_5_5.jpg,ENSG00000160633,Nucleoplasm
20076-46404_A_6_5.jpg,ENSG00000160633,Nucleoplasm
16832-37729_A_1_5.jpg,ENSG00000160633,Nucleoplasm
20076-46404_A_2_5.jpg,ENSG00000160633,Nucleoplasm
16832-37729_A_4_5.jpg,ENSG00000160633,Nucleoplasm
1969-5196_A_5_5.jpg,ENSG00000160633,Nucleoplasm
20076-46404_A_4_5.jpg,ENSG00000160633,Nucleoplasm
16832-37729_A_2_5.jpg,ENSG00000160633,Nucleoplasm
1969-5196_A_3_5.jpg,ENSG00000160633,Nucleoplasm
20076-46404_A_1_5.jpg,ENSG00000160633,Nucleoplasm
16832-37729_A_3_5.jpg,ENSG00000160633,Nucleoplasm
1969-5196_A_2_5.jpg,ENSG00000160633,Nucleoplasm
52943-147153_B_3_4.jpg,ENSG00000161526,Nucleoplasm
52943-147153_A_6_5.jpg,ENSG00000161526,Nucleoplasm
52943-147153_B_2_4.jpg,ENSG00000161526,Nucleoplasm
52943-147153_A_4_5.jpg,ENSG00000161526,Nucleoplasm
52943-147153_B_1_4.jpg,ENSG00000161526,Nucleoplasm
22451-50032_A_2_5.jpg,ENSG00000163781,Nucleoplasm
22451-50032_B_2_4.jpg,ENSG00000163781,Nucleoplasm
22451-50032_A_3_5.jpg,ENSG00000163781,Nucleoplasm
22451-50032_B_3_4.jpg,ENSG00000163781,Nucleoplasm
22451-50032_A_4_5.jpg,ENSG00000163781,Nucleoplasm
22451-50032_A_1_5.jpg,ENSG00000163781,Nucleoplasm
49123-124320_A_6_5.jpg,ENSG00000163918,Nucleoplasm
49123-124320_A_5_5.jpg,ENSG00000163918,Nucleoplasm
18504-42140_A_5_5.jpg,ENSG00000164587,Endoplasmic Reticulum;Cytoplasm
18504-42140_A_1_5.jpg,ENSG00000164587,Endoplasmic Reticulum;Cytoplasm
18504-42140_A_4_5.jpg,ENSG00000164587,Endoplasmic Reticulum;Cytoplasm
18504-42140_A_3_5.jpg,ENSG00000164587,Endoplasmic Reticulum;Cytoplasm
12481-33717_A_4_5.jpg,ENSG00000165699,Cytoplasm
12481-33717_A_1_5.jpg,ENSG00000165699,Cytoplasm
12481-33717_A_2_5.jpg,ENSG00000165699,Cytoplasm
12481-33717_A_3_5.jpg,ENSG00000165699,Cytoplasm
26598-55106_A_4_5.jpg,ENSG00000166181,Nucleoplasm
26598-55106_A_5_5.jpg,ENSG00000166181,Nucleoplasm
26598-55106_A_6_5.jpg,ENSG00000166181,Nucleoplasm
40741-87470_A_5_5.jpg,ENSG00000166477,Nucleoli;Nucleoplasm
69007-166745_A_6_5.jpg,ENSG00000167967,Nucleoplasm
69007-166745_A_5_5.jpg,ENSG00000167967,Nucleoplasm
18883-164854_B_2_4.jpg,ENSG00000168066,Nucleoplasm
18883-164854_A_6_5.jpg,ENSG00000168066,Nucleoplasm
18883-164854_B_3_4.jpg,ENSG00000168066,Nucleoplasm
18883-164854_A_5_5.jpg,ENSG00000168066,Nucleoplasm
18883-164854_B_1_4.jpg,ENSG00000168066,Nucleoplasm
41863-90137_A_3_5.jpg,ENSG00000169021,Mitochondria
50339-123782_A_2_5.jpg,ENSG00000169021,Mitochondria
41863-90137_A_6_5.jpg,ENSG00000169021,Mitochondria
41863-90137_A_2_5.jpg,ENSG00000169021,Mitochondria
50339-123782_A_3_5.jpg,ENSG00000169021,Mitochondria
50339-123782_A_6_5.jpg,ENSG00000169021,Mitochondria
41863-90137_A_4_5.jpg,ENSG00000169021,Mitochondria
50339-123782_A_5_5.jpg,ENSG00000169021,Mitochondria
41863-90137_A_1_5.jpg,ENSG00000169021,Mitochondria
41863-90137_A_5_5.jpg,ENSG00000169021,Mitochondria
50339-123782_A_4_5.jpg,ENSG00000169021,Mitochondria
50339-123782_A_1_5.jpg,ENSG00000169021,Mitochondria
2154-6020_A_7_4.jpg,ENSG00000170477,Cytoplasm
2154-6020_A_8_4.jpg,ENSG00000170477,Cytoplasm
2154-6020_A_9_4.jpg,ENSG00000170477,Cytoplasm
23505-51679_A_5_5.jpg,ENSG00000171681,Nucleoplasm
23505-51679_A_4_5.jpg,ENSG00000171681,Nucleoplasm
23505-51679_A_6_5.jpg,ENSG00000171681,Nucleoplasm
30383-62283_A_6_5.jpg,ENSG00000176407,Nucleoplasm;Cytoplasm
3801-10121_A_4_5.jpg,ENSG00000177606,Nucleoplasm
66898-171477_B_1_4.jpg,ENSG00000177606,Nucleoplasm
66898-171477_A_4_5.jpg,ENSG00000177606,Nucleoplasm
80216-171660_B_2_4.jpg,ENSG00000177606,Nucleoplasm
3801-10121_A_5_5.jpg,ENSG00000177606,Nucleoplasm
66898-171477_A_5_5.jpg,ENSG00000177606,Nucleoplasm
80216-171660_B_3_4.jpg,ENSG00000177606,Nucleoplasm
66898-171477_A_6_5.jpg,ENSG00000177606,Nucleoplasm
3801-10121_A_6_5.jpg,ENSG00000177606,Nucleoplasm
66898-171477_B_3_4.jpg,ENSG00000177606,Nucleoplasm
80216-171660_B_1_4.jpg,ENSG00000177606,Nucleoplasm
66898-171477_B_2_4.jpg,ENSG00000177606,Nucleoplasm
4230-19373_B_1_4.jpg,ENSG00000182944,Nucleoplasm
51771-137534_A_2_5.jpg,ENSG00000182944,Nucleoplasm
4230-19373_A_4_5.jpg,ENSG00000182944,Nucleoplasm
4230-19373_A_9_4.jpg,ENSG00000182944,Nucleoplasm
62953-142641_A_3_5.jpg,ENSG00000182944,Nucleoplasm
62953-142641_B_3_4.jpg,ENSG00000182944,Nucleoplasm
4230-19373_A_7_4.jpg,ENSG00000182944,Nucleoplasm
51771-137534_A_3_5.jpg,ENSG00000182944,Nucleoplasm
4230-19373_A_5_5.jpg,ENSG00000182944,Nucleoplasm
4230-19373_A_8_4.jpg,ENSG00000182944,Nucleoplasm
51771-137534_A_6_5.jpg,ENSG00000182944,Nucleoplasm
62953-142641_A_2_5.jpg,ENSG00000182944,Nucleoplasm
62953-142641_B_2_4.jpg,ENSG00000182944,Nucleoplasm
51771-137534_A_5_5.jpg,ENSG00000182944,Nucleoplasm
62953-142641_A_1_5.jpg,ENSG00000182944,Nucleoplasm
62953-142641_B_1_4.jpg,ENSG00000182944,Nucleoplasm
62953-142641_A_4_5.jpg,ENSG00000182944,Nucleoplasm
51771-137534_A_4_5.jpg,ENSG00000182944,Nucleoplasm
4230-19373_B_2_4.jpg,ENSG00000182944,Nucleoplasm
51771-137534_A_1_5.jpg,ENSG00000182944,Nucleoplasm
62953-142641_A_5_5.jpg,ENSG00000182944,Nucleoplasm
32054-70658_A_5_5.jpg,ENSG00000183431,Nucleoplasm
32055-72341_A_5_5.jpg,ENSG00000183431,Nucleoplasm
32054-70658_A_1_5.jpg,ENSG00000183431,Nucleoplasm
32054-70658_B_1_4.jpg,ENSG00000183431,Nucleoplasm
32055-72341_A_4_5.jpg,ENSG00000183431,Nucleoplasm
32054-70658_A_2_5.jpg,ENSG00000183431,Nucleoplasm
32054-70658_A_3_5.jpg,ENSG00000183431,Nucleoplasm
42564-93180_A_6_5.jpg,ENSG00000184640,Cytoplasm
42564-93180_A_4_5.jpg,ENSG00000184640,Cytoplasm
42564-93180_A_5_5.jpg,ENSG00000184640,Cytoplasm
4254-12635_A_6_5.jpg,ENSG00000196419,Nucleoplasm
4254-12635_A_3_5.jpg,ENSG00000196419,Nucleoplasm
4254-12635_B_3_4.jpg,ENSG00000196419,Nucleoplasm
47549-125169_A_5_5.jpg,ENSG00000196419,Nucleoplasm
62226-140355_A_2_5.jpg,ENSG00000196419,Nucleoplasm
47549-125169_A_1_5.jpg,ENSG00000196419,Nucleoplasm
62226-140355_A_6_5.jpg,ENSG00000196419,Nucleoplasm
4254-12635_A_2_5.jpg,ENSG00000196419,Nucleoplasm
47549-125169_A_4_5.jpg,ENSG00000196419,Nucleoplasm
62226-140355_A_3_5.jpg,ENSG00000196419,Nucleoplasm
4254-12635_A_1_5.jpg,ENSG00000196419,Nucleoplasm
4254-12635_B_1_4.jpg,ENSG00000196419,Nucleoplasm
47549-125169_A_2_5.jpg,ENSG00000196419,Nucleoplasm
62226-140355_A_1_5.jpg,ENSG00000196419,Nucleoplasm
4254-12635_A_5_5.jpg,ENSG00000196419,Nucleoplasm
47549-125169_A_3_5.jpg,ENSG00000196419,Nucleoplasm
11727-28424_A_6_5.jpg,ENSG00000196591,Nucleoplasm
11727-28424_A_3_5.jpg,ENSG00000196591,Nucleoplasm
5054-17525_A_3_5.jpg,ENSG00000196591,Nucleoplasm
11727-28424_A_2_5.jpg,ENSG00000196591,Nucleoplasm
5054-17525_A_2_5.jpg,ENSG00000196591,Nucleoplasm
11727-28424_A_1_5.jpg,ENSG00000196591,Nucleoplasm
5054-17525_A_1_5.jpg,ENSG00000196591,Nucleoplasm
11727-28424_A_4_5.jpg,ENSG00000196591,Nucleoplasm
5054-17525_A_4_5.jpg,ENSG00000196591,Nucleoplasm
5054-17525_A_5_5.jpg,ENSG00000196591,Nucleoplasm
43225-109407_A_1_5.jpg,ENSG00000197312,Nucleoplasm;Cytoplasm
43225-109407_A_4_5.jpg,ENSG00000197312,Nucleoplasm;Cytoplasm
43225-109407_A_5_5.jpg,ENSG00000197312,Nucleoplasm;Cytoplasm
43225-109407_A_6_5.jpg,ENSG00000197312,Nucleoplasm;Cytoplasm
43225-109407_A_3_5.jpg,ENSG00000197312,Nucleoplasm;Cytoplasm
43225-109407_A_2_5.jpg,ENSG00000197312,Nucleoplasm;Cytoplasm
19589-45375_A_4_5.jpg,ENSG00000198160,Nucleoplasm
19589-45375_A_5_5.jpg,ENSG00000198160,Nucleoplasm
19589-45375_A_6_5.jpg,ENSG00000198160,Nucleoplasm
25501-57316_A_6_5.jpg,ENSG00000204569,Nucleoplasm
47248-123889_A_5_5.jpg,ENSG00000204569,Nucleoplasm
47248-123889_A_4_5.jpg,ENSG00000204569,Nucleoplasm
56756-133080_A_6_5.jpg,ENSG00000204569,Nucleoplasm
25501-57316_A_4_5.jpg,ENSG00000204569,Nucleoplasm
56756-133080_A_5_5.jpg,ENSG00000204569,Nucleoplasm
47248-123889_A_6_5.jpg,ENSG00000204569,Nucleoplasm
56756-133080_A_4_5.jpg,ENSG00000204569,Nucleoplasm
5167-17933_A_3_5.jpg,ENSG00000253729,Nucleoplasm
35174-115070_A_1_5.jpg,ENSG00000253729,Nucleoplasm
35174-115070_A_5_5.jpg,ENSG00000253729,Nucleoplasm
5167-17933_A_2_5.jpg,ENSG00000253729,Nucleoplasm
35174-115070_A_3_5.jpg,ENSG00000253729,Nucleoplasm
5167-17933_A_4_5.jpg,ENSG00000253729,Nucleoplasm
35174-115070_A_6_5.jpg,ENSG00000253729,Nucleoplasm
5167-17933_A_1_5.jpg,ENSG00000253729,Nucleoplasm
35174-115070_A_2_5.jpg,ENSG00000253729,Nucleoplasm
5167-17933_A_5_5.jpg,ENSG00000253729,Nucleoplasm
55861-134853_A_6_5.jpg,ENSG00000005339,Nucleoplasm
55861-134853_A_4_5.jpg,ENSG00000005339,Nucleoplasm
55861-134853_A_5_5.jpg,ENSG00000005339,Nucleoplasm
21257-48881_A_4_5.jpg,ENSG00000006453,Plasma Membrane;Cytoplasm
23874-52382_A_6_5.jpg,ENSG00000006453,Plasma Membrane;Cytoplasm
21257-48881_A_1_5.jpg,ENSG00000006453,Plasma Membrane;Cytoplasm
23874-52382_A_3_5.jpg,ENSG00000006453,Plasma Membrane;Cytoplasm
29503-61556_A_3_5.jpg,ENSG00000006453,Plasma Membrane;Cytoplasm
19484-45323_A_6_5.jpg,ENSG00000006453,Plasma Membrane;Cytoplasm
21257-48881_A_5_5.jpg,ENSG00000006453,Plasma Membrane;Cytoplasm
23874-52382_A_2_5.jpg,ENSG00000006453,Plasma Membrane;Cytoplasm
29503-61556_A_2_5.jpg,ENSG00000006453,Plasma Membrane;Cytoplasm
21257-48881_A_3_5.jpg,ENSG00000006453,Plasma Membrane;Cytoplasm
23874-52382_A_1_5.jpg,ENSG00000006453,Plasma Membrane;Cytoplasm
29503-61556_A_1_5.jpg,ENSG00000006453,Plasma Membrane;Cytoplasm
19484-45323_A_5_5.jpg,ENSG00000006453,Plasma Membrane;Cytoplasm
23874-52382_A_4_5.jpg,ENSG00000006453,Plasma Membrane;Cytoplasm
21257-48881_A_2_5.jpg,ENSG00000006453,Plasma Membrane;Cytoplasm
19484-45323_A_4_5.jpg,ENSG00000006453,Plasma Membrane;Cytoplasm
23874-52382_A_5_5.jpg,ENSG00000006453,Plasma Membrane;Cytoplasm
701-1396_A_6_5.jpg,ENSG00000020426,Nucleoplasm
35860-81753_A_5_5.jpg,ENSG00000023330,Mitochondria
35860-81753_A_6_5.jpg,ENSG00000023330,Mitochondria
52410-119559_A_1_5.jpg,ENSG00000040633,Nucleoplasm
52410-119559_A_4_5.jpg,ENSG00000040633,Nucleoplasm
52410-119559_A_5_5.jpg,ENSG00000040633,Nucleoplasm
52410-119559_A_3_5.jpg,ENSG00000040633,Nucleoplasm
52410-119559_A_2_5.jpg,ENSG00000040633,Nucleoplasm
52645-142983_A_6_5.jpg,ENSG00000050405,Plasma Membrane;Cytoplasm
23871-52407_A_6_5.jpg,ENSG00000050405,Plasma Membrane;Cytoplasm
23871-52407_A_5_5.jpg,ENSG00000050405,Plasma Membrane;Cytoplasm
52645-142983_A_4_5.jpg,ENSG00000050405,Plasma Membrane;Cytoplasm
23871-52407_A_4_5.jpg,ENSG00000050405,Plasma Membrane;Cytoplasm
27257-64224_A_4_5.jpg,ENSG00000070759,Nucleoplasm
27257-64224_A_5_5.jpg,ENSG00000070759,Nucleoplasm
6288-19019_A_4_5.jpg,ENSG00000073282,Nucleoplasm
7010-19079_A_4_5.jpg,ENSG00000073282,Nucleoplasm
6288-19019_A_5_5.jpg,ENSG00000073282,Nucleoplasm
7010-19079_A_5_5.jpg,ENSG00000073282,Nucleoplasm
40037-96649_A_4_5.jpg,ENSG00000084463,Nucleoplasm
40037-96649_A_5_5.jpg,ENSG00000084463,Nucleoplasm
34739-70306_A_5_5.jpg,ENSG00000088247,Nucleoplasm
34739-70306_B_1_4.jpg,ENSG00000088247,Nucleoplasm
34739-70306_A_4_5.jpg,ENSG00000088247,Nucleoplasm
34739-70306_B_2_4.jpg,ENSG00000088247,Nucleoplasm
34739-70306_B_3_4.jpg,ENSG00000088247,Nucleoplasm
3841-10426_A_4_5.jpg,ENSG00000089159,Cytoplasm
3841-10426_A_5_5.jpg,ENSG00000089159,Cytoplasm
33036-126298_A_4_5.jpg,ENSG00000089280,Nucleoplasm
33036-126298_A_9_4.jpg,ENSG00000089280,Nucleoplasm
58691-126099_A_7_4.jpg,ENSG00000089280,Nucleoplasm
8784-22362_A_7_4.jpg,ENSG00000089280,Nucleoplasm
33036-126298_A_1_5.jpg,ENSG00000089280,Nucleoplasm
33036-126298_B_1_4.jpg,ENSG00000089280,Nucleoplasm
58691-126099_A_5_5.jpg,ENSG00000089280,Nucleoplasm
58691-126099_A_8_4.jpg,ENSG00000089280,Nucleoplasm
8784-22362_A_8_4.jpg,ENSG00000089280,Nucleoplasm
33036-126298_A_5_5.jpg,ENSG00000089280,Nucleoplasm
33036-126298_A_8_4.jpg,ENSG00000089280,Nucleoplasm
58691-126099_A_1_5.jpg,ENSG00000089280,Nucleoplasm
8784-22362_B_1_4.jpg,ENSG00000089280,Nucleoplasm
33036-126298_A_7_4.jpg,ENSG00000089280,Nucleoplasm
58691-126099_A_4_5.jpg,ENSG00000089280,Nucleoplasm
58691-126099_A_9_4.jpg,ENSG00000089280,Nucleoplasm
8784-22362_A_4_5.jpg,ENSG00000089280,Nucleoplasm
8784-22362_A_9_4.jpg,ENSG00000089280,Nucleoplasm
33036-126298_A_3_5.jpg,ENSG00000089280,Nucleoplasm
33036-126298_B_3_4.jpg,ENSG00000089280,Nucleoplasm
33036-126298_A_6_5.jpg,ENSG00000089280,Nucleoplasm
58691-126099_A_2_5.jpg,ENSG00000089280,Nucleoplasm
8784-22362_B_2_4.jpg,ENSG00000089280,Nucleoplasm
33036-126298_A_2_5.jpg,ENSG00000089280,Nucleoplasm
33036-126298_B_2_4.jpg,ENSG00000089280,Nucleoplasm
8784-22362_A_6_5.jpg,ENSG00000089280,Nucleoplasm
58691-126099_A_3_5.jpg,ENSG00000089280,Nucleoplasm
8784-22362_B_3_4.jpg,ENSG00000089280,Nucleoplasm
1788-5601_A_6_5.jpg,ENSG00000090060,Nucleoplasm
1788-5601_A_5_5.jpg,ENSG00000090060,Nucleoplasm
47324-103923_A_2_5.jpg,ENSG00000092820,Plasma Membrane
21616-50443_A_4_5.jpg,ENSG00000092820,Plasma Membrane
4035-11761_A_5_5.jpg,ENSG00000092820,Plasma Membrane
47324-103923_A_3_5.jpg,ENSG00000092820,Plasma Membrane
75739-164423_A_4_5.jpg,ENSG00000092820,Plasma Membrane
21616-50443_A_5_5.jpg,ENSG00000092820,Plasma Membrane
4035-11761_A_4_5.jpg,ENSG00000092820,Plasma Membrane
21616-50443_A_6_5.jpg,ENSG00000092820,Plasma Membrane
4035-11761_A_6_5.jpg,ENSG00000092820,Plasma Membrane
47324-103923_A_4_5.jpg,ENSG00000092820,Plasma Membrane
47324-103923_A_1_5.jpg,ENSG00000092820,Plasma Membrane
75739-164423_A_6_5.jpg,ENSG00000092820,Plasma Membrane
39243-83224_A_5_5.jpg,ENSG00000100084,Nucleoplasm
39244-83220_A_6_5.jpg,ENSG00000100084,Nucleoplasm
39244-83220_A_3_5.jpg,ENSG00000100084,Nucleoplasm
39243-83224_A_4_5.jpg,ENSG00000100084,Nucleoplasm
39243-83224_A_1_5.jpg,ENSG00000100084,Nucleoplasm
39244-83220_A_2_5.jpg,ENSG00000100084,Nucleoplasm
39243-83224_A_2_5.jpg,ENSG00000100084,Nucleoplasm
39244-83220_A_1_5.jpg,ENSG00000100084,Nucleoplasm
39244-83220_A_4_5.jpg,ENSG00000100084,Nucleoplasm
39243-83224_A_3_5.jpg,ENSG00000100084,Nucleoplasm
39243-83224_A_6_5.jpg,ENSG00000100084,Nucleoplasm
39244-83220_A_5_5.jpg,ENSG00000100084,Nucleoplasm
48790-147982_B_1_4.jpg,ENSG00000100227,Nucleoplasm
48790-147982_B_3_4.jpg,ENSG00000100227,Nucleoplasm
1880-7218_A_4_5.jpg,ENSG00000102103,Nucleoplasm
1880-7218_A_9_4.jpg,ENSG00000102103,Nucleoplasm
1880-7218_A_1_5.jpg,ENSG00000102103,Nucleoplasm
1880-7218_A_5_5.jpg,ENSG00000102103,Nucleoplasm
1880-7218_A_8_4.jpg,ENSG00000102103,Nucleoplasm
1880-7218_A_7_4.jpg,ENSG00000102103,Nucleoplasm
1880-7218_A_3_5.jpg,ENSG00000102103,Nucleoplasm
1880-7218_B_3_4.jpg,ENSG00000102103,Nucleoplasm
1880-7218_A_6_5.jpg,ENSG00000102103,Nucleoplasm
1880-7218_A_2_5.jpg,ENSG00000102103,Nucleoplasm
1880-7218_B_2_4.jpg,ENSG00000102103,Nucleoplasm
19379-43772_A_1_5.jpg,ENSG00000103035,Nucleoplasm
19379-43772_A_2_5.jpg,ENSG00000103035,Nucleoplasm
19379-43772_A_3_5.jpg,ENSG00000103035,Nucleoplasm
1636-6932_A_6_5.jpg,ENSG00000104067,Plasma Membrane
1637-7245_A_6_5.jpg,ENSG00000104067,Plasma Membrane
1636-6932_A_5_5.jpg,ENSG00000104067,Plasma Membrane
1636-6932_A_8_4.jpg,ENSG00000104067,Plasma Membrane
1637-7245_A_5_5.jpg,ENSG00000104067,Plasma Membrane
1637-7245_A_8_4.jpg,ENSG00000104067,Plasma Membrane
1636-6932_A_7_4.jpg,ENSG00000104067,Plasma Membrane
1637-7245_A_7_4.jpg,ENSG00000104067,Plasma Membrane
1636-6932_A_4_5.jpg,ENSG00000104067,Plasma Membrane
1636-6932_A_9_4.jpg,ENSG00000104067,Plasma Membrane
1637-7245_A_9_4.jpg,ENSG00000104067,Plasma Membrane
12145-29152_A_1_5.jpg,ENSG00000107897,Vesicles
12145-29152_A_3_5.jpg,ENSG00000107897,Vesicles
12145-29152_A_6_5.jpg,ENSG00000107897,Vesicles
12145-29152_A_2_5.jpg,ENSG00000107897,Vesicles
20043-45622_A_4_5.jpg,ENSG00000108654,Nucleoplasm
20043-45622_A_5_5.jpg,ENSG00000108654,Nucleoplasm
20043-45622_A_3_5.jpg,ENSG00000108654,Nucleoplasm
20043-45622_A_6_5.jpg,ENSG00000108654,Nucleoplasm
20043-45622_A_2_5.jpg,ENSG00000108654,Nucleoplasm
20017-45835_A_4_5.jpg,ENSG00000108848,Nucleoplasm
20017-45835_A_9_4.jpg,ENSG00000108848,Nucleoplasm
18475-44113_A_6_5.jpg,ENSG00000108848,Nucleoplasm
18484-44623_A_6_5.jpg,ENSG00000108848,Nucleoplasm
20017-45835_A_1_5.jpg,ENSG00000108848,Nucleoplasm
20017-45835_A_8_4.jpg,ENSG00000108848,Nucleoplasm
20017-45835_A_7_4.jpg,ENSG00000108848,Nucleoplasm
18475-44113_A_4_5.jpg,ENSG00000108848,Nucleoplasm
18484-44623_A_4_5.jpg,ENSG00000108848,Nucleoplasm
20017-45835_A_3_5.jpg,ENSG00000108848,Nucleoplasm
20017-45835_A_6_5.jpg,ENSG00000108848,Nucleoplasm
20017-45835_A_2_5.jpg,ENSG00000108848,Nucleoplasm
49512-117294_A_5_5.jpg,ENSG00000109787,Nucleoplasm
49512-117294_A_4_5.jpg,ENSG00000109787,Nucleoplasm
49512-117294_A_1_5.jpg,ENSG00000109787,Nucleoplasm
49512-117294_A_2_5.jpg,ENSG00000109787,Nucleoplasm
49512-117294_A_3_5.jpg,ENSG00000109787,Nucleoplasm
39973-85658_A_4_5.jpg,ENSG00000111605,Nucleoplasm
39973-85658_A_1_5.jpg,ENSG00000111605,Nucleoplasm
39973-85658_B_1_4.jpg,ENSG00000111605,Nucleoplasm
39973-85658_A_5_5.jpg,ENSG00000111605,Nucleoplasm
39973-85658_A_3_5.jpg,ENSG00000111605,Nucleoplasm
39973-85658_A_2_5.jpg,ENSG00000111605,Nucleoplasm
39973-85658_B_2_4.jpg,ENSG00000111605,Nucleoplasm
35275-160325_A_1_5.jpg,ENSG00000115806,Golgi Apparatus
35275-160325_A_3_5.jpg,ENSG00000115806,Golgi Apparatus
35275-160325_A_2_5.jpg,ENSG00000115806,Golgi Apparatus
20451-47140_A_4_5.jpg,ENSG00000115866,Cytoplasm
29804-61743_A_5_5.jpg,ENSG00000115866,Cytoplasm
20451-47140_A_5_5.jpg,ENSG00000115866,Cytoplasm
20451-47140_A_6_5.jpg,ENSG00000115866,Cytoplasm
29804-61743_A_6_5.jpg,ENSG00000115866,Cytoplasm
47513-134266_A_2_5.jpg,ENSG00000116560,Nucleoplasm
54689-151661_A_3_5.jpg,ENSG00000116560,Nucleoplasm
54689-151661_B_3_4.jpg,ENSG00000116560,Nucleoplasm
54689-151661_A_6_5.jpg,ENSG00000116560,Nucleoplasm
47513-134266_A_3_5.jpg,ENSG00000116560,Nucleoplasm
54689-151661_A_2_5.jpg,ENSG00000116560,Nucleoplasm
54689-151661_B_2_4.jpg,ENSG00000116560,Nucleoplasm
47513-134266_A_6_5.jpg,ENSG00000116560,Nucleoplasm
47513-134266_A_5_5.jpg,ENSG00000116560,Nucleoplasm
54689-151661_A_9_4.jpg,ENSG00000116560,Nucleoplasm
47513-134266_A_7_4.jpg,ENSG00000116560,Nucleoplasm
54689-151661_A_1_5.jpg,ENSG00000116560,Nucleoplasm
54689-151661_B_1_4.jpg,ENSG00000116560,Nucleoplasm
47513-134266_A_9_4.jpg,ENSG00000116560,Nucleoplasm
54689-151661_A_5_5.jpg,ENSG00000116560,Nucleoplasm
54689-151661_A_8_4.jpg,ENSG00000116560,Nucleoplasm
47513-134266_A_1_5.jpg,ENSG00000116560,Nucleoplasm
54689-151661_A_7_4.jpg,ENSG00000116560,Nucleoplasm
16334-35771_A_7_4.jpg,ENSG00000117713,Nucleoplasm
16334-35771_A_5_5.jpg,ENSG00000117713,Nucleoplasm
16334-35771_A_8_4.jpg,ENSG00000117713,Nucleoplasm
16334-35771_A_1_5.jpg,ENSG00000117713,Nucleoplasm
16334-35771_A_4_5.jpg,ENSG00000117713,Nucleoplasm
16334-35771_A_9_4.jpg,ENSG00000117713,Nucleoplasm
5456-19571_A_4_5.jpg,ENSG00000117713,Nucleoplasm
16334-35771_A_2_5.jpg,ENSG00000117713,Nucleoplasm
16334-35771_A_6_5.jpg,ENSG00000117713,Nucleoplasm
5456-19571_A_5_5.jpg,ENSG00000117713,Nucleoplasm
16334-35771_A_3_5.jpg,ENSG00000117713,Nucleoplasm
3703-10479_A_6_5.jpg,ENSG00000120948,Nucleoplasm
3703-10479_A_3_5.jpg,ENSG00000120948,Nucleoplasm
3703-10479_B_3_4.jpg,ENSG00000120948,Nucleoplasm
3703-10479_A_2_5.jpg,ENSG00000120948,Nucleoplasm
3703-10479_B_2_4.jpg,ENSG00000120948,Nucleoplasm
3703-10479_A_1_5.jpg,ENSG00000120948,Nucleoplasm
3703-10479_B_1_4.jpg,ENSG00000120948,Nucleoplasm
3703-10479_A_4_5.jpg,ENSG00000120948,Nucleoplasm
3703-10479_A_5_5.jpg,ENSG00000120948,Nucleoplasm
13144-30311_A_4_5.jpg,ENSG00000124164,Endoplasmic Reticulum
13144-30311_A_6_5.jpg,ENSG00000124164,Endoplasmic Reticulum
13722-30190_A_5_5.jpg,ENSG00000124164,Endoplasmic Reticulum
8548-23972_A_6_5.jpg,ENSG00000127914,Golgi Apparatus
8548-23972_A_5_5.jpg,ENSG00000127914,Golgi Apparatus
8548-23972_A_4_5.jpg,ENSG00000127914,Golgi Apparatus
18844-43353_A_1_5.jpg,ENSG00000128342,Cytoplasm
18844-43353_A_3_5.jpg,ENSG00000128342,Cytoplasm
18844-43353_A_2_5.jpg,ENSG00000128342,Cytoplasm
29823-63445_A_4_5.jpg,ENSG00000129696,Cytoplasm
29823-63445_A_1_5.jpg,ENSG00000129696,Cytoplasm
29823-63445_A_5_5.jpg,ENSG00000129696,Cytoplasm
29823-63445_A_3_5.jpg,ENSG00000129696,Cytoplasm
29823-63445_A_6_5.jpg,ENSG00000129696,Cytoplasm
29823-63445_A_2_5.jpg,ENSG00000129696,Cytoplasm
17450-40340_A_4_5.jpg,ENSG00000132002,Nucleoplasm;Cytoplasm
63298-141885_A_5_5.jpg,ENSG00000132485,Nucleoplasm
63298-141885_A_4_5.jpg,ENSG00000132485,Nucleoplasm
30171-67510_B_3_4.jpg,ENSG00000135315,Plasma Membrane;Cytoplasm
30171-67510_B_2_4.jpg,ENSG00000135315,Plasma Membrane;Cytoplasm
21643-49127_A_4_5.jpg,ENSG00000136463,Mitochondria
21643-49127_A_5_5.jpg,ENSG00000136463,Mitochondria
40256-85487_A_3_5.jpg,ENSG00000137776,Nucleoplasm
40256-85487_B_3_4.jpg,ENSG00000137776,Nucleoplasm
40256-85487_A_6_5.jpg,ENSG00000137776,Nucleoplasm
40381-87028_A_6_5.jpg,ENSG00000137776,Nucleoplasm
40256-85487_A_2_5.jpg,ENSG00000137776,Nucleoplasm
40256-85487_B_2_4.jpg,ENSG00000137776,Nucleoplasm
40381-87028_B_2_4.jpg,ENSG00000137776,Nucleoplasm
40381-87028_A_4_5.jpg,ENSG00000137776,Nucleoplasm
40256-85487_A_1_5.jpg,ENSG00000137776,Nucleoplasm
40381-87028_B_1_4.jpg,ENSG00000137776,Nucleoplasm
40256-85487_A_5_5.jpg,ENSG00000137776,Nucleoplasm
40381-87028_A_5_5.jpg,ENSG00000137776,Nucleoplasm
10414-31091_A_5_5.jpg,ENSG00000137807,Nucleoplasm
10414-31091_B_1_4.jpg,ENSG00000137807,Nucleoplasm
10414-31091_A_4_5.jpg,ENSG00000137807,Nucleoplasm
10414-31091_B_2_4.jpg,ENSG00000137807,Nucleoplasm
10414-31091_A_6_5.jpg,ENSG00000137807,Nucleoplasm
10414-31091_B_3_4.jpg,ENSG00000137807,Nucleoplasm
10550-26756_A_5_5.jpg,ENSG00000146457,Nucleoplasm
10550-26756_A_6_5.jpg,ENSG00000146457,Nucleoplasm
67063-153887_A_3_5.jpg,ENSG00000148308,Nucleoplasm
67063-153887_B_3_4.jpg,ENSG00000148308,Nucleoplasm
67063-153887_A_6_5.jpg,ENSG00000148308,Nucleoplasm
67063-153887_A_2_5.jpg,ENSG00000148308,Nucleoplasm
67063-153887_B_2_4.jpg,ENSG00000148308,Nucleoplasm
67063-153887_A_4_5.jpg,ENSG00000148308,Nucleoplasm
67063-153887_A_1_5.jpg,ENSG00000148308,Nucleoplasm
67063-153887_B_1_4.jpg,ENSG00000148308,Nucleoplasm
16114-35858_A_6_5.jpg,ENSG00000149187,Nucleoplasm
69989-156437_A_1_5.jpg,ENSG00000149187,Nucleoplasm
16114-35858_A_4_5.jpg,ENSG00000149187,Nucleoplasm
69989-156437_A_2_5.jpg,ENSG00000149187,Nucleoplasm
69989-156437_A_6_5.jpg,ENSG00000149187,Nucleoplasm
16114-35858_A_5_5.jpg,ENSG00000149187,Nucleoplasm
69989-156437_A_3_5.jpg,ENSG00000149187,Nucleoplasm
41353-87128_A_6_5.jpg,ENSG00000153406,Nucleoplasm
41353-87128_A_3_5.jpg,ENSG00000153406,Nucleoplasm
41353-87128_A_2_5.jpg,ENSG00000153406,Nucleoplasm
41353-87128_A_1_5.jpg,ENSG00000153406,Nucleoplasm
41353-87128_A_4_5.jpg,ENSG00000153406,Nucleoplasm
41353-87128_A_5_5.jpg,ENSG00000153406,Nucleoplasm
40847-87875_A_3_5.jpg,ENSG00000158545,Nucleoplasm
40847-87875_B_3_4.jpg,ENSG00000158545,Nucleoplasm
40847-87875_A_6_5.jpg,ENSG00000158545,Nucleoplasm
41327-88157_A_2_5.jpg,ENSG00000158545,Nucleoplasm
41327-88157_B_2_4.jpg,ENSG00000158545,Nucleoplasm
40847-87875_A_2_5.jpg,ENSG00000158545,Nucleoplasm
40847-87875_B_2_4.jpg,ENSG00000158545,Nucleoplasm
41327-88157_A_6_5.jpg,ENSG00000158545,Nucleoplasm
41327-88157_B_3_4.jpg,ENSG00000158545,Nucleoplasm
40847-87875_A_4_5.jpg,ENSG00000158545,Nucleoplasm
40847-87875_A_9_4.jpg,ENSG00000158545,Nucleoplasm
40847-87875_A_1_5.jpg,ENSG00000158545,Nucleoplasm
41327-88157_A_5_5.jpg,ENSG00000158545,Nucleoplasm
40847-87875_A_5_5.jpg,ENSG00000158545,Nucleoplasm
40847-87875_A_8_4.jpg,ENSG00000158545,Nucleoplasm
41327-88157_A_1_5.jpg,ENSG00000158545,Nucleoplasm
40847-87875_A_7_4.jpg,ENSG00000158545,Nucleoplasm
41327-88157_A_4_5.jpg,ENSG00000158545,Nucleoplasm
17893-44258_A_6_5.jpg,ENSG00000160208,Nucleoli
20324-46947_A_6_5.jpg,ENSG00000160208,Nucleoli
20324-46947_A_4_5.jpg,ENSG00000160208,Nucleoli
17893-44258_A_4_5.jpg,ENSG00000160208,Nucleoli
20324-46947_A_5_5.jpg,ENSG00000160208,Nucleoli
17893-44258_A_5_5.jpg,ENSG00000160208,Nucleoli
56157-121442_A_4_5.jpg,ENSG00000160710,Nucleoli;Nucleoplasm
56157-121442_A_6_5.jpg,ENSG00000160710,Nucleoli;Nucleoplasm
36742-124388_A_5_5.jpg,ENSG00000163938,Nucleoli
36743-124399_A_5_5.jpg,ENSG00000163938,Nucleoli
36742-124388_A_4_5.jpg,ENSG00000163938,Nucleoli
36743-124399_A_4_5.jpg,ENSG00000163938,Nucleoli
36742-124388_B_1_4.jpg,ENSG00000163938,Nucleoli
36743-124399_B_1_4.jpg,ENSG00000163938,Nucleoli
36742-124388_B_2_4.jpg,ENSG00000163938,Nucleoli
36743-124399_B_2_4.jpg,ENSG00000163938,Nucleoli
36742-124388_B_3_4.jpg,ENSG00000163938,Nucleoli
36743-124399_B_3_4.jpg,ENSG00000163938,Nucleoli
36742-124388_A_6_5.jpg,ENSG00000163938,Nucleoli
36743-124399_A_6_5.jpg,ENSG00000163938,Nucleoli
16736-38090_A_8_4.jpg,ENSG00000165512,Nucleoplasm
16736-38090_A_7_4.jpg,ENSG00000165512,Nucleoplasm
16736-38090_A_9_4.jpg,ENSG00000165512,Nucleoplasm
16736-38090_B_1_4.jpg,ENSG00000165512,Nucleoplasm
16736-38090_B_2_4.jpg,ENSG00000165512,Nucleoplasm
16736-38090_B_3_4.jpg,ENSG00000165512,Nucleoplasm
43475-93722_A_5_5.jpg,ENSG00000165637,Mitochondria
43475-93722_A_4_5.jpg,ENSG00000165637,Mitochondria
43475-93722_A_6_5.jpg,ENSG00000165637,Mitochondria
1861-7497_A_5_5.jpg,ENSG00000166888,Nucleoplasm;Cytoplasm
1861-7497_A_4_5.jpg,ENSG00000166888,Nucleoplasm;Cytoplasm
40776-89720_A_2_5.jpg,ENSG00000166965,Plasma Membrane;Cytoplasm
40776-89720_A_1_5.jpg,ENSG00000166965,Plasma Membrane;Cytoplasm
7795-20895_A_3_5.jpg,ENSG00000167658,Plasma Membrane;Cytoplasm
57351-138209_A_6_5.jpg,ENSG00000167658,Plasma Membrane;Cytoplasm
7795-20895_A_6_5.jpg,ENSG00000167658,Plasma Membrane;Cytoplasm
7795-20895_A_2_5.jpg,ENSG00000167658,Plasma Membrane;Cytoplasm
40534-138197_A_5_5.jpg,ENSG00000167658,Plasma Membrane;Cytoplasm
40534-138197_A_6_5.jpg,ENSG00000167658,Plasma Membrane;Cytoplasm
7795-20895_A_4_5.jpg,ENSG00000167658,Plasma Membrane;Cytoplasm
7795-20895_A_1_5.jpg,ENSG00000167658,Plasma Membrane;Cytoplasm
57351-138209_A_5_5.jpg,ENSG00000167658,Plasma Membrane;Cytoplasm
7795-20895_A_5_5.jpg,ENSG00000167658,Plasma Membrane;Cytoplasm
21865-131978_A_1_5.jpg,ENSG00000169093,Cytoplasm
21865-131978_A_3_5.jpg,ENSG00000169093,Cytoplasm
21865-131978_A_2_5.jpg,ENSG00000169093,Cytoplasm
1666-7551_A_1_5.jpg,ENSG00000170144,Nucleoplasm
1666-7551_A_4_5.jpg,ENSG00000170144,Nucleoplasm
1666-7551_A_9_4.jpg,ENSG00000170144,Nucleoplasm
1666-7551_A_7_4.jpg,ENSG00000170144,Nucleoplasm
1666-7551_A_5_5.jpg,ENSG00000170144,Nucleoplasm
1666-7551_A_8_4.jpg,ENSG00000170144,Nucleoplasm
1666-7551_B_3_4.jpg,ENSG00000170144,Nucleoplasm
1666-7551_A_2_5.jpg,ENSG00000170144,Nucleoplasm
36539-75988_A_2_5.jpg,ENSG00000170445,Cytoplasm
36539-75988_A_6_5.jpg,ENSG00000170445,Cytoplasm
36539-75988_A_3_5.jpg,ENSG00000170445,Cytoplasm
36539-75988_A_1_5.jpg,ENSG00000170445,Cytoplasm
36539-75988_A_4_5.jpg,ENSG00000170445,Cytoplasm
21176-48889_A_3_5.jpg,ENSG00000171097,Nucleoplasm;Cytoplasm
21177-48885_A_5_5.jpg,ENSG00000171097,Nucleoplasm;Cytoplasm
21177-48885_A_8_4.jpg,ENSG00000171097,Nucleoplasm;Cytoplasm
21176-48889_A_6_5.jpg,ENSG00000171097,Nucleoplasm;Cytoplasm
21177-48885_A_7_4.jpg,ENSG00000171097,Nucleoplasm;Cytoplasm
21176-48889_A_2_5.jpg,ENSG00000171097,Nucleoplasm;Cytoplasm
21177-48885_A_4_5.jpg,ENSG00000171097,Nucleoplasm;Cytoplasm
21177-48885_A_9_4.jpg,ENSG00000171097,Nucleoplasm;Cytoplasm
21176-48889_A_4_5.jpg,ENSG00000171097,Nucleoplasm;Cytoplasm
21176-48889_A_1_5.jpg,ENSG00000171097,Nucleoplasm;Cytoplasm
21176-48889_A_5_5.jpg,ENSG00000171097,Nucleoplasm;Cytoplasm
21177-48885_A_6_5.jpg,ENSG00000171097,Nucleoplasm;Cytoplasm
19149-43349_B_3_4.jpg,ENSG00000171223,Nucleoplasm
19149-43349_A_6_5.jpg,ENSG00000171223,Nucleoplasm
19149-43349_B_2_4.jpg,ENSG00000171223,Nucleoplasm
19149-43349_A_4_5.jpg,ENSG00000171223,Nucleoplasm
4464-15174_A_4_5.jpg,ENSG00000171223,Nucleoplasm
19149-43349_A_5_5.jpg,ENSG00000171223,Nucleoplasm
4464-15174_A_5_5.jpg,ENSG00000171223,Nucleoplasm
43483-96565_A_4_5.jpg,ENSG00000171490,Nucleoli
43483-96565_A_5_5.jpg,ENSG00000171490,Nucleoli
43483-96565_A_6_5.jpg,ENSG00000171490,Nucleoli
38524-136430_A_5_5.jpg,ENSG00000172890,Cytoplasm
38524-136430_A_6_5.jpg,ENSG00000172890,Cytoplasm
17730-40401_A_4_5.jpg,ENSG00000173175,Cytoplasm
17730-40401_A_5_5.jpg,ENSG00000173175,Cytoplasm
11008-26988_A_4_5.jpg,ENSG00000173230,Golgi Apparatus
11555-27059_A_1_5.jpg,ENSG00000173230,Golgi Apparatus
11008-26988_A_1_5.jpg,ENSG00000173230,Golgi Apparatus
11555-27059_A_4_5.jpg,ENSG00000173230,Golgi Apparatus
11008-26988_A_5_5.jpg,ENSG00000173230,Golgi Apparatus
11555-27059_A_5_5.jpg,ENSG00000173230,Golgi Apparatus
11008-26988_A_3_5.jpg,ENSG00000173230,Golgi Apparatus
11555-27059_A_6_5.jpg,ENSG00000173230,Golgi Apparatus
11008-26988_A_6_5.jpg,ENSG00000173230,Golgi Apparatus
11555-27059_A_3_5.jpg,ENSG00000173230,Golgi Apparatus
11555-27059_A_2_5.jpg,ENSG00000173230,Golgi Apparatus
33742-73240_A_2_5.jpg,ENSG00000173599,Mitochondria
33742-73240_A_3_5.jpg,ENSG00000173599,Mitochondria
33742-73240_A_6_5.jpg,ENSG00000173599,Mitochondria
33742-73240_A_5_5.jpg,ENSG00000173599,Mitochondria
33742-73240_A_8_4.jpg,ENSG00000173599,Mitochondria
33742-73240_A_7_4.jpg,ENSG00000173599,Mitochondria
33742-73240_A_4_5.jpg,ENSG00000173599,Mitochondria
33742-73240_A_9_4.jpg,ENSG00000173599,Mitochondria
33742-73240_A_1_5.jpg,ENSG00000173599,Mitochondria
11562-26984_A_5_5.jpg,ENSG00000173726,Mitochondria
5585-19776_A_3_5.jpg,ENSG00000173726,Mitochondria
11562-26984_A_1_5.jpg,ENSG00000173726,Mitochondria
11562-26984_A_4_5.jpg,ENSG00000173726,Mitochondria
5585-19776_A_2_5.jpg,ENSG00000173726,Mitochondria
5585-19776_A_1_5.jpg,ENSG00000173726,Mitochondria
11562-26984_A_2_5.jpg,ENSG00000173726,Mitochondria
5585-19776_A_4_5.jpg,ENSG00000173726,Mitochondria
11562-26984_A_6_5.jpg,ENSG00000173726,Mitochondria
11562-26984_A_3_5.jpg,ENSG00000173726,Mitochondria
5585-19776_A_5_5.jpg,ENSG00000173726,Mitochondria
11464-32315_A_2_5.jpg,ENSG00000175063,Plasma Membrane;Cytoplasm
11464-32315_A_3_5.jpg,ENSG00000175063,Plasma Membrane;Cytoplasm
11464-32315_A_1_5.jpg,ENSG00000175063,Plasma Membrane;Cytoplasm
11464-32315_A_4_5.jpg,ENSG00000175063,Plasma Membrane;Cytoplasm
46176-128828_A_6_5.jpg,ENSG00000175354,Nucleoplasm
15004-128829_A_6_5.jpg,ENSG00000175354,Nucleoplasm
15004-128829_A_5_5.jpg,ENSG00000175354,Nucleoplasm
46176-128828_A_5_5.jpg,ENSG00000175354,Nucleoplasm
1980-5440_A_4_5.jpg,ENSG00000177485,Nucleoplasm;Plasma Membrane;Cytoplasm
5732-20764_A_5_5.jpg,ENSG00000177485,Nucleoplasm;Plasma Membrane;Cytoplasm
1980-5440_A_5_5.jpg,ENSG00000177485,Nucleoplasm;Plasma Membrane;Cytoplasm
5732-20764_A_4_5.jpg,ENSG00000177485,Nucleoplasm;Plasma Membrane;Cytoplasm
1980-5440_A_6_5.jpg,ENSG00000177485,Nucleoplasm;Plasma Membrane;Cytoplasm
5732-20764_A_6_5.jpg,ENSG00000177485,Nucleoplasm;Plasma Membrane;Cytoplasm
19369-44490_A_6_5.jpg,ENSG00000179562,Golgi Apparatus;Plasma Membrane;Cytoplasm
19369-44490_A_5_5.jpg,ENSG00000179562,Golgi Apparatus;Plasma Membrane;Cytoplasm
19369-44490_A_4_5.jpg,ENSG00000179562,Golgi Apparatus;Plasma Membrane;Cytoplasm
15463-34816_A_6_5.jpg,ENSG00000180900,Plasma Membrane;Nucleoplasm
23557-51508_A_6_5.jpg,ENSG00000180900,Plasma Membrane;Nucleoplasm
23557-51508_A_4_5.jpg,ENSG00000180900,Plasma Membrane;Nucleoplasm
15463-34816_A_4_5.jpg,ENSG00000180900,Plasma Membrane;Nucleoplasm
23557-51508_A_5_5.jpg,ENSG00000180900,Plasma Membrane;Nucleoplasm
15463-34816_A_5_5.jpg,ENSG00000180900,Plasma Membrane;Nucleoplasm
11384-28259_A_4_5.jpg,ENSG00000181163,Nucleoli
11384-28259_A_9_4.jpg,ENSG00000181163,Nucleoli
12983-28235_A_4_5.jpg,ENSG00000181163,Nucleoli
12983-28235_A_9_4.jpg,ENSG00000181163,Nucleoli
11384-28259_A_1_5.jpg,ENSG00000181163,Nucleoli
11384-28259_B_1_4.jpg,ENSG00000181163,Nucleoli
12983-28235_A_1_5.jpg,ENSG00000181163,Nucleoli
12983-28235_B_1_4.jpg,ENSG00000181163,Nucleoli
11384-28259_A_5_5.jpg,ENSG00000181163,Nucleoli
11384-28259_A_8_4.jpg,ENSG00000181163,Nucleoli
12983-28235_A_5_5.jpg,ENSG00000181163,Nucleoli
12983-28235_A_8_4.jpg,ENSG00000181163,Nucleoli
11384-28259_A_7_4.jpg,ENSG00000181163,Nucleoli
12983-28235_A_7_4.jpg,ENSG00000181163,Nucleoli
11384-28259_A_3_5.jpg,ENSG00000181163,Nucleoli
11384-28259_B_3_4.jpg,ENSG00000181163,Nucleoli
12983-28235_A_3_5.jpg,ENSG00000181163,Nucleoli
12983-28235_B_3_4.jpg,ENSG00000181163,Nucleoli
11384-28259_A_6_5.jpg,ENSG00000181163,Nucleoli
12983-28235_A_6_5.jpg,ENSG00000181163,Nucleoli
11384-28259_A_2_5.jpg,ENSG00000181163,Nucleoli
11384-28259_B_2_4.jpg,ENSG00000181163,Nucleoli
12983-28235_A_2_5.jpg,ENSG00000181163,Nucleoli
12983-28235_B_2_4.jpg,ENSG00000181163,Nucleoli
2078-7461_A_4_5.jpg,ENSG00000184708,Vesicles
2078-7461_A_9_4.jpg,ENSG00000184708,Vesicles
1619-6798_A_1_5.jpg,ENSG00000184708,Vesicles
2078-7461_A_1_5.jpg,ENSG00000184708,Vesicles
2078-7461_A_5_5.jpg,ENSG00000184708,Vesicles
2078-7461_A_8_4.jpg,ENSG00000184708,Vesicles
2078-7461_A_7_4.jpg,ENSG00000184708,Vesicles
1619-6798_A_3_5.jpg,ENSG00000184708,Vesicles
2078-7461_A_3_5.jpg,ENSG00000184708,Vesicles
2078-7461_A_6_5.jpg,ENSG00000184708,Vesicles
1619-6798_A_2_5.jpg,ENSG00000184708,Vesicles
2078-7461_A_2_5.jpg,ENSG00000184708,Vesicles
3505-10951_A_4_5.jpg,ENSG00000185630,Nucleoplasm
18768-41744_A_4_5.jpg,ENSG00000185630,Nucleoplasm
3505-10951_A_5_5.jpg,ENSG00000185630,Nucleoplasm
18768-41744_A_5_5.jpg,ENSG00000185630,Nucleoplasm
13481-32968_A_1_5.jpg,ENSG00000188021,Plasma Membrane;Cytoplasm
13481-32968_B_1_4.jpg,ENSG00000188021,Plasma Membrane;Cytoplasm
13481-32968_A_4_5.jpg,ENSG00000188021,Plasma Membrane;Cytoplasm
6431-17901_A_2_5.jpg,ENSG00000188021,Plasma Membrane;Cytoplasm
6431-17901_B_2_4.jpg,ENSG00000188021,Plasma Membrane;Cytoplasm
13481-32968_A_5_5.jpg,ENSG00000188021,Plasma Membrane;Cytoplasm
6431-17901_A_3_5.jpg,ENSG00000188021,Plasma Membrane;Cytoplasm
6431-17901_B_3_4.jpg,ENSG00000188021,Plasma Membrane;Cytoplasm
13481-32968_A_6_5.jpg,ENSG00000188021,Plasma Membrane;Cytoplasm
13481-32968_A_3_5.jpg,ENSG00000188021,Plasma Membrane;Cytoplasm
13481-32968_B_3_4.jpg,ENSG00000188021,Plasma Membrane;Cytoplasm
6431-17901_A_1_5.jpg,ENSG00000188021,Plasma Membrane;Cytoplasm
13481-32968_A_2_5.jpg,ENSG00000188021,Plasma Membrane;Cytoplasm
13481-32968_B_2_4.jpg,ENSG00000188021,Plasma Membrane;Cytoplasm
20259-46091_A_4_5.jpg,ENSG00000188986,Nucleoplasm
20259-46091_A_6_5.jpg,ENSG00000188986,Nucleoplasm
55427-132458_A_4_5.jpg,ENSG00000196141,Nucleoli;Cytoplasm
37588-83231_A_1_5.jpg,ENSG00000197223,Nucleoli;Nucleoplasm
37588-83231_A_5_5.jpg,ENSG00000197223,Nucleoli;Nucleoplasm
37588-83231_A_3_5.jpg,ENSG00000197223,Nucleoli;Nucleoplasm
37588-83231_A_6_5.jpg,ENSG00000197223,Nucleoli;Nucleoplasm
37588-83231_A_2_5.jpg,ENSG00000197223,Nucleoli;Nucleoplasm
60088-133739_A_4_5.jpg,ENSG00000197576,Nucleoplasm
60088-133739_A_5_5.jpg,ENSG00000197576,Nucleoplasm
46710-107230_A_4_5.jpg,ENSG00000204394,Cytoplasm
46710-107230_A_6_5.jpg,ENSG00000204394,Cytoplasm
21554-48309_A_4_5.jpg,ENSG00000205189,Nucleoplasm
21554-48309_A_6_5.jpg,ENSG00000205189,Nucleoplasm
21554-48309_B_3_4.jpg,ENSG00000205189,Nucleoplasm
21554-48309_B_2_4.jpg,ENSG00000205189,Nucleoplasm
6312-17199_A_6_5.jpg,ENSG00000261796,Nucleoplasm
6312-17199_A_3_5.jpg,ENSG00000261796,Nucleoplasm
6312-17199_A_2_5.jpg,ENSG00000261796,Nucleoplasm
6312-17199_A_1_5.jpg,ENSG00000261796,Nucleoplasm
6312-17199_A_4_5.jpg,ENSG00000261796,Nucleoplasm
6312-17199_A_9_4.jpg,ENSG00000261796,Nucleoplasm
6312-17199_A_7_4.jpg,ENSG00000261796,Nucleoplasm
6312-17199_A_8_4.jpg,ENSG00000261796,Nucleoplasm
52059-116930_A_5_5.jpg,ENSG00000270647,Nucleoplasm
18011-40757_A_2_5.jpg,ENSG00000003756,Nucleoplasm
18011-40757_B_2_4.jpg,ENSG00000003756,Nucleoplasm
18011-40757_A_6_5.jpg,ENSG00000003756,Nucleoplasm
17335-40749_A_5_5.jpg,ENSG00000003756,Nucleoplasm
18011-40757_A_3_5.jpg,ENSG00000003756,Nucleoplasm
17335-40749_A_6_5.jpg,ENSG00000003756,Nucleoplasm
18011-40757_A_5_5.jpg,ENSG00000003756,Nucleoplasm
18011-40757_A_1_5.jpg,ENSG00000003756,Nucleoplasm
18011-40757_B_1_4.jpg,ENSG00000003756,Nucleoplasm
28033-60087_A_5_5.jpg,ENSG00000006611,Cytoplasm
28033-60087_A_8_4.jpg,ENSG00000006611,Cytoplasm
28033-60087_A_7_4.jpg,ENSG00000006611,Cytoplasm
28033-60087_A_4_5.jpg,ENSG00000006611,Cytoplasm
28033-60087_A_9_4.jpg,ENSG00000006611,Cytoplasm
41708-91535_A_5_5.jpg,ENSG00000007080,Plasma Membrane;Cytoplasm
41708-91535_A_4_5.jpg,ENSG00000007080,Plasma Membrane;Cytoplasm
46765-114864_A_6_5.jpg,ENSG00000007080,Plasma Membrane;Cytoplasm
41708-91535_A_1_5.jpg,ENSG00000007080,Plasma Membrane;Cytoplasm
41708-91535_A_2_5.jpg,ENSG00000007080,Plasma Membrane;Cytoplasm
41708-91535_B_2_4.jpg,ENSG00000007080,Plasma Membrane;Cytoplasm
46765-114864_A_5_5.jpg,ENSG00000007080,Plasma Membrane;Cytoplasm
41708-91535_A_3_5.jpg,ENSG00000007080,Plasma Membrane;Cytoplasm
41708-91535_B_3_4.jpg,ENSG00000007080,Plasma Membrane;Cytoplasm
41708-91535_A_6_5.jpg,ENSG00000007080,Plasma Membrane;Cytoplasm
20036-45863_A_5_5.jpg,ENSG00000007168,Cytoplasm
20036-45863_A_4_5.jpg,ENSG00000007168,Cytoplasm
4489-13115_A_5_5.jpg,ENSG00000007168,Cytoplasm
20036-45863_A_6_5.jpg,ENSG00000007168,Cytoplasm
19734-44652_A_5_5.jpg,ENSG00000048828,Cytoplasm
19734-44652_A_1_5.jpg,ENSG00000048828,Cytoplasm
19734-44652_A_4_5.jpg,ENSG00000048828,Cytoplasm
19734-44652_A_2_5.jpg,ENSG00000048828,Cytoplasm
19734-44652_B_2_4.jpg,ENSG00000048828,Cytoplasm
19734-44652_A_3_5.jpg,ENSG00000048828,Cytoplasm
19734-44652_B_3_4.jpg,ENSG00000048828,Cytoplasm
70868-152351_A_6_5.jpg,ENSG00000076242,Nucleoplasm
70868-152351_A_5_5.jpg,ENSG00000076242,Nucleoplasm
70868-152351_A_4_5.jpg,ENSG00000076242,Nucleoplasm
31531-72013_A_5_5.jpg,ENSG00000077549,Vesicles;Nucleoplasm;Cytoplasm
34502-95610_A_3_5.jpg,ENSG00000079785,Nucleoplasm;Cytoplasm
34502-95610_B_3_4.jpg,ENSG00000079785,Nucleoplasm;Cytoplasm
34503-95616_A_3_5.jpg,ENSG00000079785,Nucleoplasm;Cytoplasm
34502-95610_A_6_5.jpg,ENSG00000079785,Nucleoplasm;Cytoplasm
34503-95616_A_6_5.jpg,ENSG00000079785,Nucleoplasm;Cytoplasm
34502-95610_A_2_5.jpg,ENSG00000079785,Nucleoplasm;Cytoplasm
34502-95610_B_2_4.jpg,ENSG00000079785,Nucleoplasm;Cytoplasm
34503-95616_A_2_5.jpg,ENSG00000079785,Nucleoplasm;Cytoplasm
34502-95610_A_4_5.jpg,ENSG00000079785,Nucleoplasm;Cytoplasm
34503-95616_A_4_5.jpg,ENSG00000079785,Nucleoplasm;Cytoplasm
34502-95610_A_1_5.jpg,ENSG00000079785,Nucleoplasm;Cytoplasm
34502-95610_B_1_4.jpg,ENSG00000079785,Nucleoplasm;Cytoplasm
34503-95616_A_1_5.jpg,ENSG00000079785,Nucleoplasm;Cytoplasm
34502-95610_A_5_5.jpg,ENSG00000079785,Nucleoplasm;Cytoplasm
34503-95616_A_5_5.jpg,ENSG00000079785,Nucleoplasm;Cytoplasm
34925-63738_A_2_5.jpg,ENSG00000083544,Nucleoplasm;Cytoplasm
34925-63738_A_6_5.jpg,ENSG00000083544,Nucleoplasm;Cytoplasm
34925-63738_A_3_5.jpg,ENSG00000083544,Nucleoplasm;Cytoplasm
34925-63738_A_5_5.jpg,ENSG00000083544,Nucleoplasm;Cytoplasm
34925-63738_A_1_5.jpg,ENSG00000083544,Nucleoplasm;Cytoplasm
28954-65255_A_6_5.jpg,ENSG00000085999,Nucleoplasm
28954-65255_A_5_5.jpg,ENSG00000085999,Nucleoplasm
28954-65255_A_4_5.jpg,ENSG00000085999,Nucleoplasm
73519-159664_A_2_5.jpg,ENSG00000086102,Nucleoplasm
73519-159664_B_2_4.jpg,ENSG00000086102,Nucleoplasm
73519-159664_A_3_5.jpg,ENSG00000086102,Nucleoplasm
73519-159664_B_3_4.jpg,ENSG00000086102,Nucleoplasm
73519-159664_A_6_5.jpg,ENSG00000086102,Nucleoplasm
73519-159664_A_5_5.jpg,ENSG00000086102,Nucleoplasm
73519-159664_A_8_4.jpg,ENSG00000086102,Nucleoplasm
73519-159664_A_7_4.jpg,ENSG00000086102,Nucleoplasm
73519-159664_A_4_5.jpg,ENSG00000086102,Nucleoplasm
73519-159664_A_9_4.jpg,ENSG00000086102,Nucleoplasm
73519-159664_A_1_5.jpg,ENSG00000086102,Nucleoplasm
73519-159664_B_1_4.jpg,ENSG00000086102,Nucleoplasm
50628-116085_A_1_5.jpg,ENSG00000088833,Nucleoplasm;Plasma Membrane;Cytoplasm
50628-116085_A_2_5.jpg,ENSG00000088833,Nucleoplasm;Plasma Membrane;Cytoplasm
50628-116085_A_3_5.jpg,ENSG00000088833,Nucleoplasm;Plasma Membrane;Cytoplasm
21241-158736_A_2_5.jpg,ENSG00000092621,Nucleoplasm;Plasma Membrane;Cytoplasm
68216-152505_A_2_5.jpg,ENSG00000092621,Nucleoplasm;Plasma Membrane;Cytoplasm
24031-158732_A_9_4.jpg,ENSG00000092621,Nucleoplasm;Plasma Membrane;Cytoplasm
21241-158736_A_3_5.jpg,ENSG00000092621,Nucleoplasm;Plasma Membrane;Cytoplasm
24031-158732_A_7_4.jpg,ENSG00000092621,Nucleoplasm;Plasma Membrane;Cytoplasm
68216-152505_A_3_5.jpg,ENSG00000092621,Nucleoplasm;Plasma Membrane;Cytoplasm
21241-158736_A_6_5.jpg,ENSG00000092621,Nucleoplasm;Plasma Membrane;Cytoplasm
24031-158732_A_8_4.jpg,ENSG00000092621,Nucleoplasm;Plasma Membrane;Cytoplasm
21241-158736_A_5_5.jpg,ENSG00000092621,Nucleoplasm;Plasma Membrane;Cytoplasm
21241-158736_A_8_4.jpg,ENSG00000092621,Nucleoplasm;Plasma Membrane;Cytoplasm
68216-152505_A_8_4.jpg,ENSG00000092621,Nucleoplasm;Plasma Membrane;Cytoplasm
21241-158736_A_7_4.jpg,ENSG00000092621,Nucleoplasm;Plasma Membrane;Cytoplasm
68216-152505_A_7_4.jpg,ENSG00000092621,Nucleoplasm;Plasma Membrane;Cytoplasm
21241-158736_A_4_5.jpg,ENSG00000092621,Nucleoplasm;Plasma Membrane;Cytoplasm
21241-158736_A_9_4.jpg,ENSG00000092621,Nucleoplasm;Plasma Membrane;Cytoplasm
68216-152505_A_9_4.jpg,ENSG00000092621,Nucleoplasm;Plasma Membrane;Cytoplasm
21241-158736_A_1_5.jpg,ENSG00000092621,Nucleoplasm;Plasma Membrane;Cytoplasm
68216-152505_A_1_5.jpg,ENSG00000092621,Nucleoplasm;Plasma Membrane;Cytoplasm
4650-13201_A_5_5.jpg,ENSG00000097033,Cytoplasm
4650-13201_A_4_5.jpg,ENSG00000097033,Cytoplasm
4650-13201_A_6_5.jpg,ENSG00000097033,Cytoplasm
30083-63395_A_1_5.jpg,ENSG00000099995,Nucleoplasm
690-1259_A_2_5.jpg,ENSG00000099995,Nucleoplasm
690-1259_B_2_4.jpg,ENSG00000099995,Nucleoplasm
690-1259_A_6_5.jpg,ENSG00000099995,Nucleoplasm
30083-63395_A_5_5.jpg,ENSG00000099995,Nucleoplasm
690-1259_A_3_5.jpg,ENSG00000099995,Nucleoplasm
690-1259_B_3_4.jpg,ENSG00000099995,Nucleoplasm
30083-63395_A_6_5.jpg,ENSG00000099995,Nucleoplasm
690-1259_A_7_4.jpg,ENSG00000099995,Nucleoplasm
30083-63395_A_3_5.jpg,ENSG00000099995,Nucleoplasm
690-1259_A_5_5.jpg,ENSG00000099995,Nucleoplasm
690-1259_A_8_4.jpg,ENSG00000099995,Nucleoplasm
690-1259_B_1_4.jpg,ENSG00000099995,Nucleoplasm
30083-63395_A_2_5.jpg,ENSG00000099995,Nucleoplasm
690-1259_A_4_5.jpg,ENSG00000099995,Nucleoplasm
690-1259_A_9_4.jpg,ENSG00000099995,Nucleoplasm
1566-5328_B_1_4.jpg,ENSG00000100243,Endoplasmic Reticulum
1566-5328_B_2_4.jpg,ENSG00000100243,Endoplasmic Reticulum
28885-64995_A_5_5.jpg,ENSG00000100410,Nucleoplasm
28885-64995_A_4_5.jpg,ENSG00000100410,Nucleoplasm
28885-64995_A_6_5.jpg,ENSG00000100410,Nucleoplasm
49798-112401_A_5_5.jpg,ENSG00000100722,Nucleoplasm
43488-94436_A_5_5.jpg,ENSG00000100949,Nucleoplasm
43488-94436_A_4_5.jpg,ENSG00000100949,Nucleoplasm
19270-43251_A_4_5.jpg,ENSG00000101138,Nucleoplasm
47275-125221_A_2_5.jpg,ENSG00000101138,Nucleoplasm
47275-125221_A_3_5.jpg,ENSG00000101138,Nucleoplasm
47275-125221_A_6_5.jpg,ENSG00000101138,Nucleoplasm
47275-125221_A_5_5.jpg,ENSG00000101138,Nucleoplasm
19270-43251_A_6_5.jpg,ENSG00000101138,Nucleoplasm
47275-125221_A_4_5.jpg,ENSG00000101138,Nucleoplasm
47275-125221_A_1_5.jpg,ENSG00000101138,Nucleoplasm
9337-25407_A_6_5.jpg,ENSG00000101367,Cytoplasm
9337-25407_A_4_5.jpg,ENSG00000101367,Cytoplasm
427-1569_A_6_5.jpg,ENSG00000101811,Nucleoplasm
4680-11389_A_5_5.jpg,ENSG00000101811,Nucleoplasm
4680-11389_A_4_5.jpg,ENSG00000101811,Nucleoplasm
56084-135535_A_6_5.jpg,ENSG00000102081,Cytoplasm
12444-27613_A_6_5.jpg,ENSG00000102081,Cytoplasm
12444-27613_A_5_5.jpg,ENSG00000102081,Cytoplasm
56084-135535_A_4_5.jpg,ENSG00000102081,Cytoplasm
12444-27613_A_4_5.jpg,ENSG00000102081,Cytoplasm
56084-135535_A_5_5.jpg,ENSG00000102081,Cytoplasm
4497-16414_A_4_5.jpg,ENSG00000104738,Nucleoplasm
4497-16414_A_6_5.jpg,ENSG00000104738,Nucleoplasm
50294-124604_A_6_5.jpg,ENSG00000106244,Plasma Membrane;Cytoplasm
50294-124604_A_4_5.jpg,ENSG00000106244,Plasma Membrane;Cytoplasm
30829-68698_A_1_5.jpg,ENSG00000108829,Endoplasmic Reticulum
30829-68698_A_3_5.jpg,ENSG00000108829,Endoplasmic Reticulum
30829-68698_A_2_5.jpg,ENSG00000108829,Endoplasmic Reticulum
37814-80081_A_3_5.jpg,ENSG00000110002,Nucleoplasm
37814-80081_A_2_5.jpg,ENSG00000110002,Nucleoplasm
37814-80081_A_1_5.jpg,ENSG00000110002,Nucleoplasm
38468-132569_A_1_5.jpg,ENSG00000110075,Nucleoplasm;Plasma Membrane;Cytoplasm
38467-115699_A_5_5.jpg,ENSG00000110075,Nucleoplasm;Plasma Membrane;Cytoplasm
38467-115699_A_6_5.jpg,ENSG00000110075,Nucleoplasm;Plasma Membrane;Cytoplasm
38468-132569_A_6_5.jpg,ENSG00000110075,Nucleoplasm;Plasma Membrane;Cytoplasm
38467-115699_A_3_5.jpg,ENSG00000110075,Nucleoplasm;Plasma Membrane;Cytoplasm
38468-132569_A_3_5.jpg,ENSG00000110075,Nucleoplasm;Plasma Membrane;Cytoplasm
38467-115699_A_2_5.jpg,ENSG00000110075,Nucleoplasm;Plasma Membrane;Cytoplasm
38468-132569_A_2_5.jpg,ENSG00000110075,Nucleoplasm;Plasma Membrane;Cytoplasm
41117-90313_A_6_5.jpg,ENSG00000110104,Nucleoli;Nucleoplasm
41117-90313_A_5_5.jpg,ENSG00000110104,Nucleoli;Nucleoplasm
1605-4924_A_4_5.jpg,ENSG00000111057,Cytoplasm
1605-4924_A_9_4.jpg,ENSG00000111057,Cytoplasm
8-1374_A_3_5.jpg,ENSG00000111057,Cytoplasm
1605-4924_A_1_5.jpg,ENSG00000111057,Cytoplasm
30-252_A_9_4.jpg,ENSG00000111057,Cytoplasm
8-1374_A_6_5.jpg,ENSG00000111057,Cytoplasm
1605-4924_A_5_5.jpg,ENSG00000111057,Cytoplasm
1605-4924_A_8_4.jpg,ENSG00000111057,Cytoplasm
30-252_A_7_4.jpg,ENSG00000111057,Cytoplasm
8-1374_A_2_5.jpg,ENSG00000111057,Cytoplasm
1605-4924_A_7_4.jpg,ENSG00000111057,Cytoplasm
30-252_A_8_4.jpg,ENSG00000111057,Cytoplasm
1605-4924_A_3_5.jpg,ENSG00000111057,Cytoplasm
8-1374_A_4_5.jpg,ENSG00000111057,Cytoplasm
8-1374_A_9_4.jpg,ENSG00000111057,Cytoplasm
1605-4924_A_6_5.jpg,ENSG00000111057,Cytoplasm
30-252_A_3_5.jpg,ENSG00000111057,Cytoplasm
1605-4924_A_2_5.jpg,ENSG00000111057,Cytoplasm
8-1374_A_5_5.jpg,ENSG00000111057,Cytoplasm
8-1374_A_8_4.jpg,ENSG00000111057,Cytoplasm
30-252_A_2_5.jpg,ENSG00000111057,Cytoplasm
8-1374_A_7_4.jpg,ENSG00000111057,Cytoplasm
31619-65638_A_4_5.jpg,ENSG00000111676,Nucleoplasm
31619-65638_A_5_5.jpg,ENSG00000111676,Nucleoplasm
31619-65638_A_6_5.jpg,ENSG00000111676,Nucleoplasm
26512-54754_A_6_5.jpg,ENSG00000117395,Nucleoli
26512-54754_A_5_5.jpg,ENSG00000117395,Nucleoli
26512-54754_A_4_5.jpg,ENSG00000117395,Nucleoli
32027-67563_A_4_5.jpg,ENSG00000117528,Vesicles
32516-68876_A_6_5.jpg,ENSG00000117528,Vesicles
32026-68872_A_6_5.jpg,ENSG00000117528,Vesicles
32027-67563_A_5_5.jpg,ENSG00000117528,Vesicles
32026-68872_A_5_5.jpg,ENSG00000117528,Vesicles
32027-67563_A_6_5.jpg,ENSG00000117528,Vesicles
32516-68876_A_4_5.jpg,ENSG00000117528,Vesicles
32026-68872_A_4_5.jpg,ENSG00000117528,Vesicles
32516-68876_A_5_5.jpg,ENSG00000117528,Vesicles
9228-27363_A_6_5.jpg,ENSG00000119139,Plasma Membrane;Cytoplasm
9228-27363_A_5_5.jpg,ENSG00000119139,Plasma Membrane;Cytoplasm
9228-27363_A_4_5.jpg,ENSG00000119139,Plasma Membrane;Cytoplasm
35999-71854_A_4_5.jpg,ENSG00000119383,Nucleoplasm;Cytoplasm
35999-71854_A_1_5.jpg,ENSG00000119383,Nucleoplasm;Cytoplasm
80054-171474_B_1_4.jpg,ENSG00000119383,Nucleoplasm;Cytoplasm
35999-71854_A_3_5.jpg,ENSG00000119383,Nucleoplasm;Cytoplasm
80052-171331_B_2_4.jpg,ENSG00000119383,Nucleoplasm;Cytoplasm
80054-171474_B_2_4.jpg,ENSG00000119383,Nucleoplasm;Cytoplasm
35999-71854_A_2_5.jpg,ENSG00000119383,Nucleoplasm;Cytoplasm
80052-171331_B_3_4.jpg,ENSG00000119383,Nucleoplasm;Cytoplasm
80054-171474_B_3_4.jpg,ENSG00000119383,Nucleoplasm;Cytoplasm
41600-91510_A_2_5.jpg,ENSG00000119421,Mitochondria
41510-91517_A_5_5.jpg,ENSG00000119421,Mitochondria
41600-91510_A_6_5.jpg,ENSG00000119421,Mitochondria
41600-91510_A_5_5.jpg,ENSG00000119421,Mitochondria
41510-91517_A_6_5.jpg,ENSG00000119421,Mitochondria
41600-91510_A_1_5.jpg,ENSG00000119421,Mitochondria
50862-118912_A_5_5.jpg,ENSG00000119669,Nucleoplasm
50862-118912_A_4_5.jpg,ENSG00000119669,Nucleoplasm
50862-118912_A_1_5.jpg,ENSG00000119669,Nucleoplasm
50862-118912_A_2_5.jpg,ENSG00000119669,Nucleoplasm
50862-118912_A_3_5.jpg,ENSG00000119669,Nucleoplasm
4242-17557_A_2_5.jpg,ENSG00000121022,Nucleoplasm
4845-17239_A_1_5.jpg,ENSG00000121022,Nucleoplasm
4845-17239_A_4_5.jpg,ENSG00000121022,Nucleoplasm
4242-17557_A_3_5.jpg,ENSG00000121022,Nucleoplasm
4242-17557_B_3_4.jpg,ENSG00000121022,Nucleoplasm
4242-17557_A_6_5.jpg,ENSG00000121022,Nucleoplasm
4242-17557_A_5_5.jpg,ENSG00000121022,Nucleoplasm
4242-17557_A_8_4.jpg,ENSG00000121022,Nucleoplasm
4845-17239_A_6_5.jpg,ENSG00000121022,Nucleoplasm
4242-17557_A_7_4.jpg,ENSG00000121022,Nucleoplasm
4845-17239_A_3_5.jpg,ENSG00000121022,Nucleoplasm
4242-17557_A_9_4.jpg,ENSG00000121022,Nucleoplasm
4242-17557_A_1_5.jpg,ENSG00000121022,Nucleoplasm
4845-17239_A_2_5.jpg,ENSG00000121022,Nucleoplasm
27229-61395_A_6_5.jpg,ENSG00000123815,Mitochondria
27229-61395_A_5_5.jpg,ENSG00000123815,Mitochondria
59943-143481_A_4_5.jpg,ENSG00000124496,Nucleoplasm
59943-143481_A_5_5.jpg,ENSG00000124496,Nucleoplasm
34338-75620_A_5_5.jpg,ENSG00000124562,Nucleoplasm
55490-136234_A_1_5.jpg,ENSG00000124562,Nucleoplasm
34338-75620_A_4_5.jpg,ENSG00000124562,Nucleoplasm
55490-136234_A_5_5.jpg,ENSG00000124562,Nucleoplasm
34338-75620_A_1_5.jpg,ENSG00000124562,Nucleoplasm
34338-75620_B_1_4.jpg,ENSG00000124562,Nucleoplasm
34338-75620_A_2_5.jpg,ENSG00000124562,Nucleoplasm
34338-75620_B_2_4.jpg,ENSG00000124562,Nucleoplasm
34338-75620_A_3_5.jpg,ENSG00000124562,Nucleoplasm
34338-75620_B_3_4.jpg,ENSG00000124562,Nucleoplasm
55490-136234_A_2_5.jpg,ENSG00000124562,Nucleoplasm
34338-75620_A_6_5.jpg,ENSG00000124562,Nucleoplasm
68240-159895_A_9_4.jpg,ENSG00000125398,Nucleoplasm
68240-159895_A_7_4.jpg,ENSG00000125398,Nucleoplasm
68240-159895_A_8_4.jpg,ENSG00000125398,Nucleoplasm
26322-56172_A_1_5.jpg,ENSG00000126067,Nucleoplasm
26322-56172_A_4_5.jpg,ENSG00000126067,Nucleoplasm
26324-56704_A_4_5.jpg,ENSG00000126067,Nucleoplasm
26322-56172_A_2_5.jpg,ENSG00000126067,Nucleoplasm
26322-56172_A_3_5.jpg,ENSG00000126067,Nucleoplasm
1359-4144_B_2_4.jpg,ENSG00000126945,Nucleoplasm
4436-18999_A_5_5.jpg,ENSG00000126945,Nucleoplasm
1359-4144_A_6_5.jpg,ENSG00000126945,Nucleoplasm
16884-37354_A_6_5.jpg,ENSG00000126945,Nucleoplasm
4436-18999_A_1_5.jpg,ENSG00000126945,Nucleoplasm
1359-4144_B_3_4.jpg,ENSG00000126945,Nucleoplasm
4436-18999_A_4_5.jpg,ENSG00000126945,Nucleoplasm
1359-4144_A_5_5.jpg,ENSG00000126945,Nucleoplasm
16884-37354_A_5_5.jpg,ENSG00000126945,Nucleoplasm
4436-18999_A_2_5.jpg,ENSG00000126945,Nucleoplasm
1359-4144_B_1_4.jpg,ENSG00000126945,Nucleoplasm
1359-4144_A_4_5.jpg,ENSG00000126945,Nucleoplasm
4436-18999_A_3_5.jpg,ENSG00000126945,Nucleoplasm
22476-49678_A_2_5.jpg,ENSG00000127884,Mitochondria
3783-11158_A_1_5.jpg,ENSG00000127884,Mitochondria
21995-49674_A_2_5.jpg,ENSG00000127884,Mitochondria
21995-49674_B_2_4.jpg,ENSG00000127884,Mitochondria
3783-11158_A_4_5.jpg,ENSG00000127884,Mitochondria
3783-11158_A_9_4.jpg,ENSG00000127884,Mitochondria
21995-49674_A_6_5.jpg,ENSG00000127884,Mitochondria
22476-49678_A_3_5.jpg,ENSG00000127884,Mitochondria
3783-11158_A_7_4.jpg,ENSG00000127884,Mitochondria
21995-49674_A_3_5.jpg,ENSG00000127884,Mitochondria
22476-49678_A_6_5.jpg,ENSG00000127884,Mitochondria
3783-11158_A_5_5.jpg,ENSG00000127884,Mitochondria
3783-11158_A_8_4.jpg,ENSG00000127884,Mitochondria
22476-49678_A_5_5.jpg,ENSG00000127884,Mitochondria
21995-49674_A_5_5.jpg,ENSG00000127884,Mitochondria
3783-11158_A_3_5.jpg,ENSG00000127884,Mitochondria
21995-49674_A_1_5.jpg,ENSG00000127884,Mitochondria
21995-49674_B_1_4.jpg,ENSG00000127884,Mitochondria
22476-49678_A_4_5.jpg,ENSG00000127884,Mitochondria
21995-49674_A_4_5.jpg,ENSG00000127884,Mitochondria
22476-49678_A_1_5.jpg,ENSG00000127884,Mitochondria
3783-11158_A_2_5.jpg,ENSG00000127884,Mitochondria
26196-58057_A_2_5.jpg,ENSG00000133313,Nucleoplasm
36898-125047_A_2_5.jpg,ENSG00000133313,Nucleoplasm
36899-125046_A_5_5.jpg,ENSG00000133313,Nucleoplasm
26196-58057_A_3_5.jpg,ENSG00000133313,Nucleoplasm
36899-125046_A_1_5.jpg,ENSG00000133313,Nucleoplasm
26196-58057_A_6_5.jpg,ENSG00000133313,Nucleoplasm
36898-125047_A_3_5.jpg,ENSG00000133313,Nucleoplasm
36899-125046_A_4_5.jpg,ENSG00000133313,Nucleoplasm
26196-58057_A_5_5.jpg,ENSG00000133313,Nucleoplasm
36899-125046_A_2_5.jpg,ENSG00000133313,Nucleoplasm
26196-58057_A_4_5.jpg,ENSG00000133313,Nucleoplasm
36898-125047_A_1_5.jpg,ENSG00000133313,Nucleoplasm
36899-125046_A_6_5.jpg,ENSG00000133313,Nucleoplasm
26196-58057_A_1_5.jpg,ENSG00000133313,Nucleoplasm
36899-125046_A_3_5.jpg,ENSG00000133313,Nucleoplasm
64885-144577_B_2_4.jpg,ENSG00000134001,Cytoplasm
64885-144577_B_3_4.jpg,ENSG00000134001,Cytoplasm
64885-144577_A_6_5.jpg,ENSG00000134001,Cytoplasm
64885-144577_A_5_5.jpg,ENSG00000134001,Cytoplasm
64885-144577_A_4_5.jpg,ENSG00000134001,Cytoplasm
64885-144577_B_1_4.jpg,ENSG00000134001,Cytoplasm
11272-29788_A_2_5.jpg,ENSG00000135046,Nucleoplasm;Plasma Membrane;Cytoplasm
11271-29847_A_3_5.jpg,ENSG00000135046,Nucleoplasm;Plasma Membrane;Cytoplasm
13023-29613_A_2_5.jpg,ENSG00000135046,Nucleoplasm;Plasma Membrane;Cytoplasm
35987-71866_A_1_5.jpg,ENSG00000135046,Nucleoplasm;Plasma Membrane;Cytoplasm
58693-126106_A_1_5.jpg,ENSG00000135046,Nucleoplasm;Plasma Membrane;Cytoplasm
11272-29788_A_3_5.jpg,ENSG00000135046,Nucleoplasm;Plasma Membrane;Cytoplasm
13023-29613_A_6_5.jpg,ENSG00000135046,Nucleoplasm;Plasma Membrane;Cytoplasm
35987-71866_A_5_5.jpg,ENSG00000135046,Nucleoplasm;Plasma Membrane;Cytoplasm
11271-29847_A_2_5.jpg,ENSG00000135046,Nucleoplasm;Plasma Membrane;Cytoplasm
13023-29613_A_3_5.jpg,ENSG00000135046,Nucleoplasm;Plasma Membrane;Cytoplasm
11271-29847_A_1_5.jpg,ENSG00000135046,Nucleoplasm;Plasma Membrane;Cytoplasm
35987-71866_A_3_5.jpg,ENSG00000135046,Nucleoplasm;Plasma Membrane;Cytoplasm
58693-126106_A_3_5.jpg,ENSG00000135046,Nucleoplasm;Plasma Membrane;Cytoplasm
13023-29613_A_1_5.jpg,ENSG00000135046,Nucleoplasm;Plasma Membrane;Cytoplasm
35987-71866_A_2_5.jpg,ENSG00000135046,Nucleoplasm;Plasma Membrane;Cytoplasm
58693-126106_A_2_5.jpg,ENSG00000135046,Nucleoplasm;Plasma Membrane;Cytoplasm
11272-29788_A_1_5.jpg,ENSG00000135046,Nucleoplasm;Plasma Membrane;Cytoplasm
13023-29613_A_4_5.jpg,ENSG00000135046,Nucleoplasm;Plasma Membrane;Cytoplasm
12188-32346_A_6_5.jpg,ENSG00000136518,Nucleoplasm
12188-32346_B_3_4.jpg,ENSG00000136518,Nucleoplasm
12188-32346_A_5_5.jpg,ENSG00000136518,Nucleoplasm
12188-32346_B_1_4.jpg,ENSG00000136518,Nucleoplasm
12188-32346_A_4_5.jpg,ENSG00000136518,Nucleoplasm
39933-95296_A_9_4.jpg,ENSG00000137806,Cytoplasm
39933-95296_A_1_5.jpg,ENSG00000137806,Cytoplasm
39933-95296_A_5_5.jpg,ENSG00000137806,Cytoplasm
39933-95296_A_8_4.jpg,ENSG00000137806,Cytoplasm
40064-95300_A_5_5.jpg,ENSG00000137806,Cytoplasm
39933-95296_A_7_4.jpg,ENSG00000137806,Cytoplasm
39933-95296_A_3_5.jpg,ENSG00000137806,Cytoplasm
39933-95296_A_6_5.jpg,ENSG00000137806,Cytoplasm
40064-95300_A_6_5.jpg,ENSG00000137806,Cytoplasm
39933-95296_A_2_5.jpg,ENSG00000137806,Cytoplasm
16687-36033_A_5_5.jpg,ENSG00000139687,Nucleoplasm
16687-36033_A_4_5.jpg,ENSG00000139687,Nucleoplasm
16687-36033_A_6_5.jpg,ENSG00000139687,Nucleoplasm
59387-132188_A_1_5.jpg,ENSG00000142684,Nucleoli;Nucleoplasm
59387-132188_B_1_4.jpg,ENSG00000142684,Nucleoli;Nucleoplasm
59387-132188_A_2_5.jpg,ENSG00000142684,Nucleoli;Nucleoplasm
59387-132188_B_2_4.jpg,ENSG00000142684,Nucleoli;Nucleoplasm
59387-132188_A_3_5.jpg,ENSG00000142684,Nucleoli;Nucleoplasm
59387-132188_B_3_4.jpg,ENSG00000142684,Nucleoli;Nucleoplasm
20559-47068_A_5_5.jpg,ENSG00000142864,Cytoplasm
20559-47068_A_4_5.jpg,ENSG00000142864,Cytoplasm
26297-57240_A_4_5.jpg,ENSG00000142864,Cytoplasm
20559-47068_A_1_5.jpg,ENSG00000142864,Cytoplasm
26297-57240_A_1_5.jpg,ENSG00000142864,Cytoplasm
26297-57240_B_1_4.jpg,ENSG00000142864,Cytoplasm
20559-47068_A_2_5.jpg,ENSG00000142864,Cytoplasm
26297-57240_A_2_5.jpg,ENSG00000142864,Cytoplasm
26297-57240_B_2_4.jpg,ENSG00000142864,Cytoplasm
20559-47068_A_3_5.jpg,ENSG00000142864,Cytoplasm
26297-57240_A_3_5.jpg,ENSG00000142864,Cytoplasm
20559-47068_A_6_5.jpg,ENSG00000142864,Cytoplasm
26297-57240_A_6_5.jpg,ENSG00000142864,Cytoplasm
28700-66983_A_5_5.jpg,ENSG00000143256,Cytoplasm
28700-66983_A_4_5.jpg,ENSG00000143256,Cytoplasm
28700-66983_A_6_5.jpg,ENSG00000143256,Cytoplasm
69303-170615_A_6_5.jpg,ENSG00000145191,Cytoplasm
36554-76951_A_2_5.jpg,ENSG00000145833,Nucleoplasm
36554-76951_A_3_5.jpg,ENSG00000145833,Nucleoplasm
36554-76951_A_5_5.jpg,ENSG00000145833,Nucleoplasm
10339-28307_A_4_5.jpg,ENSG00000147403,Endoplasmic Reticulum;Cytoplasm
11311-28287_A_5_5.jpg,ENSG00000147403,Endoplasmic Reticulum;Cytoplasm
11311-28287_A_8_4.jpg,ENSG00000147403,Endoplasmic Reticulum;Cytoplasm
10339-28307_A_1_5.jpg,ENSG00000147403,Endoplasmic Reticulum;Cytoplasm
11311-28287_A_7_4.jpg,ENSG00000147403,Endoplasmic Reticulum;Cytoplasm
10339-28307_A_5_5.jpg,ENSG00000147403,Endoplasmic Reticulum;Cytoplasm
11311-28287_A_4_5.jpg,ENSG00000147403,Endoplasmic Reticulum;Cytoplasm
11311-28287_A_9_4.jpg,ENSG00000147403,Endoplasmic Reticulum;Cytoplasm
10339-28307_A_3_5.jpg,ENSG00000147403,Endoplasmic Reticulum;Cytoplasm
10339-28307_A_6_5.jpg,ENSG00000147403,Endoplasmic Reticulum;Cytoplasm
10339-28307_A_2_5.jpg,ENSG00000147403,Endoplasmic Reticulum;Cytoplasm
11311-28287_A_6_5.jpg,ENSG00000147403,Endoplasmic Reticulum;Cytoplasm
23608-52386_A_4_5.jpg,ENSG00000148296,Nucleoli
23608-52386_A_5_5.jpg,ENSG00000148296,Nucleoli
23608-52386_A_6_5.jpg,ENSG00000148296,Nucleoli
28448-61178_A_6_5.jpg,ENSG00000154380,Plasma Membrane;Cytoplasm
28696-61120_A_6_5.jpg,ENSG00000154380,Plasma Membrane;Cytoplasm
28696-61120_A_4_5.jpg,ENSG00000154380,Plasma Membrane;Cytoplasm
28448-61178_A_4_5.jpg,ENSG00000154380,Plasma Membrane;Cytoplasm
28696-61120_A_5_5.jpg,ENSG00000154380,Plasma Membrane;Cytoplasm
28448-61178_A_5_5.jpg,ENSG00000154380,Plasma Membrane;Cytoplasm
35707-148010_A_6_5.jpg,ENSG00000154767,Plasma Membrane;Nucleoplasm
9932-147989_A_6_5.jpg,ENSG00000154767,Plasma Membrane;Nucleoplasm
9932-147989_A_5_5.jpg,ENSG00000154767,Plasma Membrane;Nucleoplasm
35707-148010_A_4_5.jpg,ENSG00000154767,Plasma Membrane;Nucleoplasm
9932-147989_A_4_5.jpg,ENSG00000154767,Plasma Membrane;Nucleoplasm
35707-148010_A_5_5.jpg,ENSG00000154767,Plasma Membrane;Nucleoplasm
61953-146882_A_4_5.jpg,ENSG00000158864,Mitochondria;Nucleoplasm
61953-146882_A_9_4.jpg,ENSG00000158864,Mitochondria;Nucleoplasm
61953-146882_A_1_5.jpg,ENSG00000158864,Mitochondria;Nucleoplasm
61953-146882_A_5_5.jpg,ENSG00000158864,Mitochondria;Nucleoplasm
61953-146882_A_8_4.jpg,ENSG00000158864,Mitochondria;Nucleoplasm
61953-146882_A_7_4.jpg,ENSG00000158864,Mitochondria;Nucleoplasm
61953-146882_A_3_5.jpg,ENSG00000158864,Mitochondria;Nucleoplasm
61953-146882_A_6_5.jpg,ENSG00000158864,Mitochondria;Nucleoplasm
61953-146882_A_2_5.jpg,ENSG00000158864,Mitochondria;Nucleoplasm
28647-60195_A_5_5.jpg,ENSG00000160679,Nucleoplasm
28647-60195_A_4_5.jpg,ENSG00000160679,Nucleoplasm
28647-60195_A_1_5.jpg,ENSG00000160679,Nucleoplasm
28647-60195_B_1_4.jpg,ENSG00000160679,Nucleoplasm
28647-60195_A_2_5.jpg,ENSG00000160679,Nucleoplasm
28647-60195_B_2_4.jpg,ENSG00000160679,Nucleoplasm
28647-60195_A_6_5.jpg,ENSG00000160679,Nucleoplasm
25820-57469_A_4_5.jpg,ENSG00000160685,Nucleoplasm
25820-57469_A_5_5.jpg,ENSG00000160685,Nucleoplasm
25820-57469_A_6_5.jpg,ENSG00000160685,Nucleoplasm
21238-156797_A_2_5.jpg,ENSG00000160877,Nucleoplasm
21238-156797_B_2_4.jpg,ENSG00000160877,Nucleoplasm
62245-156375_A_5_5.jpg,ENSG00000160877,Nucleoplasm
69927-156370_A_5_5.jpg,ENSG00000160877,Nucleoplasm
21238-156797_A_3_5.jpg,ENSG00000160877,Nucleoplasm
21238-156797_B_3_4.jpg,ENSG00000160877,Nucleoplasm
62245-156375_A_4_5.jpg,ENSG00000160877,Nucleoplasm
69927-156370_A_4_5.jpg,ENSG00000160877,Nucleoplasm
21238-156797_A_6_5.jpg,ENSG00000160877,Nucleoplasm
21238-156797_A_5_5.jpg,ENSG00000160877,Nucleoplasm
21238-156797_A_8_4.jpg,ENSG00000160877,Nucleoplasm
21238-156797_A_7_4.jpg,ENSG00000160877,Nucleoplasm
21238-156797_A_4_5.jpg,ENSG00000160877,Nucleoplasm
21238-156797_A_9_4.jpg,ENSG00000160877,Nucleoplasm
21238-156797_A_1_5.jpg,ENSG00000160877,Nucleoplasm
62245-156375_A_6_5.jpg,ENSG00000160877,Nucleoplasm
69927-156370_A_6_5.jpg,ENSG00000160877,Nucleoplasm
68843-158940_A_5_5.jpg,ENSG00000161011,Vesicles;Cytoplasm
4587-151358_A_4_5.jpg,ENSG00000161011,Vesicles;Cytoplasm
68843-158940_A_4_5.jpg,ENSG00000161011,Vesicles;Cytoplasm
4587-151358_A_6_5.jpg,ENSG00000161011,Vesicles;Cytoplasm
60724-139353_A_5_5.jpg,ENSG00000162521,Nucleoplasm
60724-139353_A_1_5.jpg,ENSG00000162521,Nucleoplasm
60724-139353_A_2_5.jpg,ENSG00000162521,Nucleoplasm
60724-139353_A_3_5.jpg,ENSG00000162521,Nucleoplasm
6149-18630_A_4_5.jpg,ENSG00000162613,Nucleoplasm
6149-18630_A_9_4.jpg,ENSG00000162613,Nucleoplasm
6149-18630_A_1_5.jpg,ENSG00000162613,Nucleoplasm
6149-18630_A_5_5.jpg,ENSG00000162613,Nucleoplasm
6149-18630_A_8_4.jpg,ENSG00000162613,Nucleoplasm
6149-18630_A_7_4.jpg,ENSG00000162613,Nucleoplasm
6149-18630_A_3_5.jpg,ENSG00000162613,Nucleoplasm
6149-18630_A_6_5.jpg,ENSG00000162613,Nucleoplasm
6149-18630_A_2_5.jpg,ENSG00000162613,Nucleoplasm
37153-78902_A_4_5.jpg,ENSG00000163161,Nucleoplasm
10469-34406_A_3_5.jpg,ENSG00000163932,Cytoplasm
10469-34406_A_6_5.jpg,ENSG00000163932,Cytoplasm
1890-6252_A_5_5.jpg,ENSG00000163932,Cytoplasm
1890-6252_A_4_5.jpg,ENSG00000163932,Cytoplasm
10469-34406_A_1_5.jpg,ENSG00000163932,Cytoplasm
13225-34383_A_5_5.jpg,ENSG00000163932,Cytoplasm
1863-6589_A_4_5.jpg,ENSG00000163932,Cytoplasm
10469-34406_A_5_5.jpg,ENSG00000163932,Cytoplasm
1890-6252_A_6_5.jpg,ENSG00000163932,Cytoplasm
17618-44484_A_4_5.jpg,ENSG00000164022,Cytoplasm
14295-98827_A_2_5.jpg,ENSG00000164919,Mitochondria
16244-36049_A_3_5.jpg,ENSG00000164919,Mitochondria
16244-36049_A_6_5.jpg,ENSG00000164919,Mitochondria
14295-98827_A_3_5.jpg,ENSG00000164919,Mitochondria
16244-36049_A_2_5.jpg,ENSG00000164919,Mitochondria
16244-36049_A_4_5.jpg,ENSG00000164919,Mitochondria
16244-36049_A_1_5.jpg,ENSG00000164919,Mitochondria
14295-98827_A_4_5.jpg,ENSG00000164919,Mitochondria
14295-98827_A_1_5.jpg,ENSG00000164919,Mitochondria
19697-46099_B_3_4.jpg,ENSG00000164985,Nucleoplasm
19697-46212_A_8_4.jpg,ENSG00000164985,Nucleoplasm
19697-46212_A_7_4.jpg,ENSG00000164985,Nucleoplasm
19697-46099_B_2_4.jpg,ENSG00000164985,Nucleoplasm
19697-46212_A_4_5.jpg,ENSG00000164985,Nucleoplasm
19697-46212_A_9_4.jpg,ENSG00000164985,Nucleoplasm
19697-46212_A_1_5.jpg,ENSG00000164985,Nucleoplasm
19697-46212_A_2_5.jpg,ENSG00000164985,Nucleoplasm
19697-46099_B_1_4.jpg,ENSG00000164985,Nucleoplasm
19697-46212_A_3_5.jpg,ENSG00000164985,Nucleoplasm
19697-46212_A_6_5.jpg,ENSG00000164985,Nucleoplasm
34342-71281_A_5_5.jpg,ENSG00000165495,Nucleoplasm
34342-71281_A_1_5.jpg,ENSG00000165495,Nucleoplasm
34342-71281_A_2_5.jpg,ENSG00000165495,Nucleoplasm
34342-71281_A_3_5.jpg,ENSG00000165495,Nucleoplasm
34342-71281_A_6_5.jpg,ENSG00000165495,Nucleoplasm
15421-33797_A_1_5.jpg,ENSG00000167110,Golgi Apparatus
15421-33797_A_3_5.jpg,ENSG00000167110,Golgi Apparatus
15421-33797_A_2_5.jpg,ENSG00000167110,Golgi Apparatus
27815-59806_A_6_5.jpg,ENSG00000168264,Nucleoplasm
27815-59806_A_5_5.jpg,ENSG00000168264,Nucleoplasm
27815-59806_A_4_5.jpg,ENSG00000168264,Nucleoplasm
30813-66150_A_6_5.jpg,ENSG00000168310,Nucleoplasm;Cytoplasm
32306-66200_A_2_5.jpg,ENSG00000168310,Nucleoplasm;Cytoplasm
32306-66200_A_6_5.jpg,ENSG00000168310,Nucleoplasm;Cytoplasm
32306-66200_A_3_5.jpg,ENSG00000168310,Nucleoplasm;Cytoplasm
30813-66150_A_4_5.jpg,ENSG00000168310,Nucleoplasm;Cytoplasm
32306-66200_A_5_5.jpg,ENSG00000168310,Nucleoplasm;Cytoplasm
32306-66200_A_1_5.jpg,ENSG00000168310,Nucleoplasm;Cytoplasm
32306-66200_A_4_5.jpg,ENSG00000168310,Nucleoplasm;Cytoplasm
37113-76657_A_4_5.jpg,ENSG00000169564,Nucleoplasm;Cytoplasm
37113-76657_A_6_5.jpg,ENSG00000169564,Nucleoplasm;Cytoplasm
4213-19274_A_4_5.jpg,ENSG00000172216,Nucleoplasm
4213-19274_A_5_5.jpg,ENSG00000172216,Nucleoplasm
51840-119174_A_5_5.jpg,ENSG00000173065,Nucleoplasm
51840-119174_A_4_5.jpg,ENSG00000173065,Nucleoplasm
51840-119174_A_6_5.jpg,ENSG00000173065,Nucleoplasm
24646-54195_A_4_5.jpg,ENSG00000176994,Nucleoplasm
21557-50202_A_5_5.jpg,ENSG00000176994,Nucleoplasm
24646-54195_A_5_5.jpg,ENSG00000176994,Nucleoplasm
21557-50202_A_4_5.jpg,ENSG00000176994,Nucleoplasm
24646-54195_A_6_5.jpg,ENSG00000176994,Nucleoplasm
18162-41203_A_4_5.jpg,ENSG00000182362,Nucleoplasm
18162-41203_A_5_5.jpg,ENSG00000182362,Nucleoplasm
18162-41203_A_6_5.jpg,ENSG00000182362,Nucleoplasm
59299-138065_A_5_5.jpg,ENSG00000189221,Mitochondria
9437-30397_A_6_5.jpg,ENSG00000189221,Mitochondria
9437-30397_A_5_5.jpg,ENSG00000189221,Mitochondria
59299-138065_A_6_5.jpg,ENSG00000189221,Mitochondria
9437-30397_A_4_5.jpg,ENSG00000189221,Mitochondria
43961-100410_A_9_4.jpg,ENSG00000197728,Nucleoli;Endoplasmic Reticulum;Cytoplasm
43961-100410_A_7_4.jpg,ENSG00000197728,Nucleoli;Endoplasmic Reticulum;Cytoplasm
43961-100410_A_8_4.jpg,ENSG00000197728,Nucleoli;Endoplasmic Reticulum;Cytoplasm
37677-77315_A_6_5.jpg,ENSG00000198218,Nucleoplasm
35601-80618_A_5_5.jpg,ENSG00000213079,Nucleoplasm
35602-80351_A_7_4.jpg,ENSG00000213079,Nucleoplasm
35602-80351_A_5_5.jpg,ENSG00000213079,Nucleoplasm
35602-80351_A_8_4.jpg,ENSG00000213079,Nucleoplasm
35602-80351_A_1_5.jpg,ENSG00000213079,Nucleoplasm
35601-80618_A_1_5.jpg,ENSG00000213079,Nucleoplasm
35602-80351_A_9_4.jpg,ENSG00000213079,Nucleoplasm
35601-80618_A_2_5.jpg,ENSG00000213079,Nucleoplasm
35602-80351_A_2_5.jpg,ENSG00000213079,Nucleoplasm
35602-80351_B_2_4.jpg,ENSG00000213079,Nucleoplasm
35601-80618_A_3_5.jpg,ENSG00000213079,Nucleoplasm
35602-80351_A_3_5.jpg,ENSG00000213079,Nucleoplasm
30902-70880_B_2_4.jpg,ENSG00000257390,Nucleoplasm
30902-70765_A_2_5.jpg,ENSG00000257390,Nucleoplasm
30903-70968_A_6_5.jpg,ENSG00000257390,Nucleoplasm
17653-41279_A_6_5.jpg,ENSG00000257390,Nucleoplasm
30902-70765_A_6_5.jpg,ENSG00000257390,Nucleoplasm
30902-70765_A_3_5.jpg,ENSG00000257390,Nucleoplasm
17653-41279_A_5_5.jpg,ENSG00000257390,Nucleoplasm
30902-70765_A_5_5.jpg,ENSG00000257390,Nucleoplasm
30903-70968_A_5_5.jpg,ENSG00000257390,Nucleoplasm
17653-41279_A_4_5.jpg,ENSG00000257390,Nucleoplasm
30902-70880_B_1_4.jpg,ENSG00000257390,Nucleoplasm
14874-36606_A_4_5.jpg,ENSG00000273559,Nucleoplasm
14874-36606_A_5_5.jpg,ENSG00000273559,Nucleoplasm
14874-36606_A_6_5.jpg,ENSG00000273559,Nucleoplasm
62997-143673_A_6_5.jpg,ENSG00000273559,Nucleoplasm
23373-51551_A_4_5.jpg,ENSG00000278845,Mitochondria
23373-51551_A_5_5.jpg,ENSG00000278845,Mitochondria
23385-51543_A_6_5.jpg,ENSG00000278845,Mitochondria
23373-51551_A_6_5.jpg,ENSG00000278845,Mitochondria
23385-51543_A_5_5.jpg,ENSG00000278845,Mitochondria
23385-51543_A_4_5.jpg,ENSG00000278845,Mitochondria
62857-168946_A_5_5.jpg,ENSG00000004478,Nucleoplasm;Cytoplasm
62857-168946_A_6_5.jpg,ENSG00000004478,Nucleoplasm;Cytoplasm
11577-26788_A_5_5.jpg,ENSG00000008086,Nucleoplasm
11577-26788_A_6_5.jpg,ENSG00000008086,Nucleoplasm
17013-38742_A_2_5.jpg,ENSG00000010244,Nucleoplasm
17013-38742_B_2_4.jpg,ENSG00000010244,Nucleoplasm
63908-143965_A_3_5.jpg,ENSG00000010244,Nucleoplasm
63908-143965_A_6_5.jpg,ENSG00000010244,Nucleoplasm
17013-38742_A_3_5.jpg,ENSG00000010244,Nucleoplasm
17013-38742_B_3_4.jpg,ENSG00000010244,Nucleoplasm
63908-143965_A_2_5.jpg,ENSG00000010244,Nucleoplasm
17013-38742_A_6_5.jpg,ENSG00000010244,Nucleoplasm
17013-38742_A_5_5.jpg,ENSG00000010244,Nucleoplasm
17013-38742_A_8_4.jpg,ENSG00000010244,Nucleoplasm
17013-38742_A_7_4.jpg,ENSG00000010244,Nucleoplasm
63908-143965_A_1_5.jpg,ENSG00000010244,Nucleoplasm
17013-38742_A_4_5.jpg,ENSG00000010244,Nucleoplasm
17013-38742_A_9_4.jpg,ENSG00000010244,Nucleoplasm
63908-143965_A_5_5.jpg,ENSG00000010244,Nucleoplasm
17013-38742_A_1_5.jpg,ENSG00000010244,Nucleoplasm
17013-38742_B_1_4.jpg,ENSG00000010244,Nucleoplasm
38313-81723_A_6_5.jpg,ENSG00000012822,Cytoplasm
38313-81723_A_4_5.jpg,ENSG00000012822,Cytoplasm
38313-81723_A_5_5.jpg,ENSG00000012822,Cytoplasm
2321-8747_A_7_4.jpg,ENSG00000013364,Cytoplasm
64740-156984_A_4_5.jpg,ENSG00000013364,Cytoplasm
22717-51051_A_5_5.jpg,ENSG00000013364,Cytoplasm
2321-8747_A_8_4.jpg,ENSG00000013364,Cytoplasm
2752-6980_A_4_5.jpg,ENSG00000013364,Cytoplasm
64740-156984_A_5_5.jpg,ENSG00000013364,Cytoplasm
22717-51051_A_4_5.jpg,ENSG00000013364,Cytoplasm
2321-8747_A_4_5.jpg,ENSG00000013364,Cytoplasm
2321-8747_A_9_4.jpg,ENSG00000013364,Cytoplasm
2752-6980_A_5_5.jpg,ENSG00000013364,Cytoplasm
2752-6980_A_6_5.jpg,ENSG00000013364,Cytoplasm
64740-156984_A_6_5.jpg,ENSG00000013364,Cytoplasm
22717-51051_A_6_5.jpg,ENSG00000013364,Cytoplasm
2321-8747_A_6_5.jpg,ENSG00000013364,Cytoplasm
17483-115853_A_2_5.jpg,ENSG00000018408,Nucleoplasm;Cytoplasm
17483-115853_A_3_5.jpg,ENSG00000018408,Nucleoplasm;Cytoplasm
7415-20542_A_4_5.jpg,ENSG00000018408,Nucleoplasm;Cytoplasm
17483-115853_A_1_5.jpg,ENSG00000018408,Nucleoplasm;Cytoplasm
2691-7879_A_8_4.jpg,ENSG00000020922,Nucleoplasm
4081-11531_A_2_5.jpg,ENSG00000020922,Nucleoplasm
2691-7879_A_7_4.jpg,ENSG00000020922,Nucleoplasm
2691-7879_A_4_5.jpg,ENSG00000020922,Nucleoplasm
2691-7879_A_9_4.jpg,ENSG00000020922,Nucleoplasm
4081-11531_A_3_5.jpg,ENSG00000020922,Nucleoplasm
2691-7879_A_1_5.jpg,ENSG00000020922,Nucleoplasm
2691-7879_A_2_5.jpg,ENSG00000020922,Nucleoplasm
4081-11531_A_5_5.jpg,ENSG00000020922,Nucleoplasm
2691-7879_A_3_5.jpg,ENSG00000020922,Nucleoplasm
4081-11531_A_4_5.jpg,ENSG00000020922,Nucleoplasm
2691-7879_A_6_5.jpg,ENSG00000020922,Nucleoplasm
4081-11531_A_1_5.jpg,ENSG00000020922,Nucleoplasm
316-4_A_6_5.jpg,ENSG00000026508,Golgi Apparatus;Plasma Membrane
5785-16384_A_1_5.jpg,ENSG00000026508,Golgi Apparatus;Plasma Membrane
5785-16384_A_4_5.jpg,ENSG00000026508,Golgi Apparatus;Plasma Membrane
316-4_A_4_5.jpg,ENSG00000026508,Golgi Apparatus;Plasma Membrane
5785-16384_A_2_5.jpg,ENSG00000026508,Golgi Apparatus;Plasma Membrane
5785-16384_A_6_5.jpg,ENSG00000026508,Golgi Apparatus;Plasma Membrane
316-4_A_5_5.jpg,ENSG00000026508,Golgi Apparatus;Plasma Membrane
5785-16384_A_3_5.jpg,ENSG00000026508,Golgi Apparatus;Plasma Membrane
10910-26426_A_5_5.jpg,ENSG00000063244,Nucleoplasm
43562-126180_A_6_5.jpg,ENSG00000063244,Nucleoplasm
10910-26426_A_4_5.jpg,ENSG00000063244,Nucleoplasm
10910-26426_A_1_5.jpg,ENSG00000063244,Nucleoplasm
10910-26426_B_1_4.jpg,ENSG00000063244,Nucleoplasm
10910-26426_A_2_5.jpg,ENSG00000063244,Nucleoplasm
43562-126180_A_4_5.jpg,ENSG00000063244,Nucleoplasm
10910-26426_A_3_5.jpg,ENSG00000063244,Nucleoplasm
10910-26426_B_3_4.jpg,ENSG00000063244,Nucleoplasm
43562-126180_A_5_5.jpg,ENSG00000063244,Nucleoplasm
3585-11105_A_3_5.jpg,ENSG00000071859,Nucleoplasm
3585-11105_B_3_4.jpg,ENSG00000071859,Nucleoplasm
3585-11105_A_6_5.jpg,ENSG00000071859,Nucleoplasm
3585-11105_A_2_5.jpg,ENSG00000071859,Nucleoplasm
3585-11105_B_2_4.jpg,ENSG00000071859,Nucleoplasm
3585-11105_A_4_5.jpg,ENSG00000071859,Nucleoplasm
3585-11105_B_1_4.jpg,ENSG00000071859,Nucleoplasm
3585-11105_A_5_5.jpg,ENSG00000071859,Nucleoplasm
41981-124437_A_6_5.jpg,ENSG00000073578,Mitochondria
41981-124437_A_5_5.jpg,ENSG00000073578,Mitochondria
41981-124437_A_4_5.jpg,ENSG00000073578,Mitochondria
14837-33492_A_4_5.jpg,ENSG00000074696,Endoplasmic Reticulum
14837-33492_A_5_5.jpg,ENSG00000074696,Endoplasmic Reticulum
14837-33492_A_6_5.jpg,ENSG00000074696,Endoplasmic Reticulum
2147-5791_A_8_4.jpg,ENSG00000076706,Plasma Membrane
2147-5791_A_7_4.jpg,ENSG00000076706,Plasma Membrane
2147-5791_A_9_4.jpg,ENSG00000076706,Plasma Membrane
19402-42041_A_5_5.jpg,ENSG00000084676,Nucleoplasm;Plasma Membrane;Cytoplasm
19402-42041_A_4_5.jpg,ENSG00000084676,Nucleoplasm;Plasma Membrane;Cytoplasm
12107-28916_A_6_5.jpg,ENSG00000099194,Endoplasmic Reticulum
12107-28916_B_2_4.jpg,ENSG00000099194,Endoplasmic Reticulum
12107-28916_B_1_4.jpg,ENSG00000099194,Endoplasmic Reticulum
12107-28916_A_4_5.jpg,ENSG00000099194,Endoplasmic Reticulum
12107-28916_A_9_4.jpg,ENSG00000099194,Endoplasmic Reticulum
12107-28916_A_7_4.jpg,ENSG00000099194,Endoplasmic Reticulum
12107-28916_A_8_4.jpg,ENSG00000099194,Endoplasmic Reticulum
47106-107240_A_6_5.jpg,ENSG00000101161,Nucleoplasm
47106-107240_A_4_5.jpg,ENSG00000101161,Nucleoplasm
39409-90581_A_1_5.jpg,ENSG00000101654,Nucleoplasm
39409-90581_A_2_5.jpg,ENSG00000101654,Nucleoplasm
39409-90581_A_3_5.jpg,ENSG00000101654,Nucleoplasm
31572-66201_A_2_5.jpg,ENSG00000102316,Nucleoli;Nucleoplasm;Cytoplasm
31572-66201_A_6_5.jpg,ENSG00000102316,Nucleoli;Nucleoplasm;Cytoplasm
31573-66141_A_1_5.jpg,ENSG00000102316,Nucleoli;Nucleoplasm;Cytoplasm
31572-66201_A_3_5.jpg,ENSG00000102316,Nucleoli;Nucleoplasm;Cytoplasm
31573-66141_A_4_5.jpg,ENSG00000102316,Nucleoli;Nucleoplasm;Cytoplasm
31573-66141_A_2_5.jpg,ENSG00000102316,Nucleoli;Nucleoplasm;Cytoplasm
31572-66201_A_1_5.jpg,ENSG00000102316,Nucleoli;Nucleoplasm;Cytoplasm
31573-66141_A_6_5.jpg,ENSG00000102316,Nucleoli;Nucleoplasm;Cytoplasm
31572-66201_A_4_5.jpg,ENSG00000102316,Nucleoli;Nucleoplasm;Cytoplasm
31573-66141_A_3_5.jpg,ENSG00000102316,Nucleoli;Nucleoplasm;Cytoplasm
1330-3903_A_2_5.jpg,ENSG00000103496,Plasma Membrane
1330-3903_A_6_5.jpg,ENSG00000103496,Plasma Membrane
1330-3903_A_4_5.jpg,ENSG00000103496,Plasma Membrane
1330-3903_A_1_5.jpg,ENSG00000103496,Plasma Membrane
42071-91416_A_6_5.jpg,ENSG00000105483,Nucleoplasm;Cytoplasm
43513-114264_A_6_5.jpg,ENSG00000105483,Nucleoplasm;Cytoplasm
43513-114264_A_4_5.jpg,ENSG00000105483,Nucleoplasm;Cytoplasm
42071-91416_A_4_5.jpg,ENSG00000105483,Nucleoplasm;Cytoplasm
42071-91416_A_5_5.jpg,ENSG00000105483,Nucleoplasm;Cytoplasm
19306-43324_A_4_5.jpg,ENSG00000105928,Cytoplasm
19306-43324_A_6_5.jpg,ENSG00000105928,Cytoplasm
49407-112147_A_4_5.jpg,ENSG00000106803,Endoplasmic Reticulum
49407-112147_A_5_5.jpg,ENSG00000106803,Endoplasmic Reticulum
36566-75164_A_1_5.jpg,ENSG00000107929,Cytoplasm
36566-75164_A_2_5.jpg,ENSG00000107929,Cytoplasm
36566-75164_A_3_5.jpg,ENSG00000107929,Cytoplasm
10435-26792_A_1_5.jpg,ENSG00000113580,Nucleoplasm;Cytoplasm
10435-26792_A_3_5.jpg,ENSG00000113580,Nucleoplasm;Cytoplasm
10435-26792_A_2_5.jpg,ENSG00000113580,Nucleoplasm;Cytoplasm
10435-26792_B_2_4.jpg,ENSG00000113580,Nucleoplasm;Cytoplasm
53214-120126_A_1_5.jpg,ENSG00000113845,Mitochondria
53214-120126_A_2_5.jpg,ENSG00000113845,Mitochondria
53214-120126_A_3_5.jpg,ENSG00000113845,Mitochondria
4807-13926_A_6_5.jpg,ENSG00000116604,Nucleoplasm
7114-18626_A_6_5.jpg,ENSG00000116604,Nucleoplasm
4807-13926_A_4_5.jpg,ENSG00000116604,Nucleoplasm
7114-18626_A_4_5.jpg,ENSG00000116604,Nucleoplasm
4807-13926_A_5_5.jpg,ENSG00000116604,Nucleoplasm
7114-18626_A_5_5.jpg,ENSG00000116604,Nucleoplasm
23094-52398_A_5_5.jpg,ENSG00000120915,Cytoplasm
23094-52398_A_8_4.jpg,ENSG00000120915,Cytoplasm
23094-52398_A_7_4.jpg,ENSG00000120915,Cytoplasm
23094-52398_A_4_5.jpg,ENSG00000120915,Cytoplasm
23094-52398_A_9_4.jpg,ENSG00000120915,Cytoplasm
23094-52398_A_1_5.jpg,ENSG00000120915,Cytoplasm
23094-52398_A_2_5.jpg,ENSG00000120915,Cytoplasm
23094-52398_A_3_5.jpg,ENSG00000120915,Cytoplasm
23094-52398_A_6_5.jpg,ENSG00000120915,Cytoplasm
13210-30556_A_4_5.jpg,ENSG00000121940,Endoplasmic Reticulum
13210-30556_A_5_5.jpg,ENSG00000121940,Endoplasmic Reticulum
9087-24120_A_5_5.jpg,ENSG00000121940,Endoplasmic Reticulum
13210-30556_A_6_5.jpg,ENSG00000121940,Endoplasmic Reticulum
9087-24120_A_4_5.jpg,ENSG00000121940,Endoplasmic Reticulum
17330-40417_A_2_5.jpg,ENSG00000122786,Plasma Membrane;Cytoplasm
17330-40417_A_3_5.jpg,ENSG00000122786,Plasma Membrane;Cytoplasm
17330-40417_A_1_5.jpg,ENSG00000122786,Plasma Membrane;Cytoplasm
22271-49334_A_5_5.jpg,ENSG00000122971,Mitochondria
22271-49334_A_4_5.jpg,ENSG00000122971,Mitochondria
19303-43279_A_3_5.jpg,ENSG00000123240,Cytoplasm
19303-43279_A_6_5.jpg,ENSG00000123240,Cytoplasm
19303-43279_A_2_5.jpg,ENSG00000123240,Cytoplasm
19303-43279_A_4_5.jpg,ENSG00000123240,Cytoplasm
19303-43279_A_1_5.jpg,ENSG00000123240,Cytoplasm
54102-122479_A_2_5.jpg,ENSG00000123562,Nucleoplasm
54102-122479_A_3_5.jpg,ENSG00000123562,Nucleoplasm
54102-122479_A_6_5.jpg,ENSG00000123562,Nucleoplasm
54102-122479_A_5_5.jpg,ENSG00000123562,Nucleoplasm
54102-122479_A_4_5.jpg,ENSG00000123562,Nucleoplasm
54102-122479_A_1_5.jpg,ENSG00000123562,Nucleoplasm
35060-71734_A_5_5.jpg,ENSG00000124383,Nucleoli
35060-71734_A_1_5.jpg,ENSG00000124383,Nucleoli
35060-71734_A_2_5.jpg,ENSG00000124383,Nucleoli
35060-71734_A_3_5.jpg,ENSG00000124383,Nucleoli
8661-22813_A_3_5.jpg,ENSG00000126432,Mitochondria;Cytoplasm
37916-124552_A_4_5.jpg,ENSG00000126432,Mitochondria;Cytoplasm
8661-22813_A_2_5.jpg,ENSG00000126432,Mitochondria;Cytoplasm
8661-22813_A_1_5.jpg,ENSG00000126432,Mitochondria;Cytoplasm
37916-124552_A_6_5.jpg,ENSG00000126432,Mitochondria;Cytoplasm
15331-34561_A_5_5.jpg,ENSG00000126777,Endoplasmic Reticulum
17876-46997_A_5_5.jpg,ENSG00000126777,Endoplasmic Reticulum
17876-46997_A_1_5.jpg,ENSG00000126777,Endoplasmic Reticulum
15331-34561_A_1_5.jpg,ENSG00000126777,Endoplasmic Reticulum
17876-46997_A_4_5.jpg,ENSG00000126777,Endoplasmic Reticulum
3178-8616_A_5_5.jpg,ENSG00000126777,Endoplasmic Reticulum
15331-34561_A_2_5.jpg,ENSG00000126777,Endoplasmic Reticulum
17876-46997_A_2_5.jpg,ENSG00000126777,Endoplasmic Reticulum
15331-34561_A_3_5.jpg,ENSG00000126777,Endoplasmic Reticulum
17876-46997_A_6_5.jpg,ENSG00000126777,Endoplasmic Reticulum
17876-46997_A_3_5.jpg,ENSG00000126777,Endoplasmic Reticulum
4603-13959_A_1_5.jpg,ENSG00000127191,Cytoplasm
4603-13959_A_3_5.jpg,ENSG00000127191,Cytoplasm
4603-13959_A_2_5.jpg,ENSG00000127191,Cytoplasm
4621-18112_A_3_5.jpg,ENSG00000127824,Cytoplasm
4621-18112_A_6_5.jpg,ENSG00000127824,Cytoplasm
4621-18112_A_2_5.jpg,ENSG00000127824,Cytoplasm
5887-17971_A_4_5.jpg,ENSG00000127824,Cytoplasm
4621-18112_A_4_5.jpg,ENSG00000127824,Cytoplasm
5887-17971_B_2_4.jpg,ENSG00000127824,Cytoplasm
39247-102080_A_4_5.jpg,ENSG00000127824,Cytoplasm
4621-18112_A_1_5.jpg,ENSG00000127824,Cytoplasm
5887-17971_B_3_4.jpg,ENSG00000127824,Cytoplasm
39247-102080_A_5_5.jpg,ENSG00000127824,Cytoplasm
5887-17971_A_6_5.jpg,ENSG00000127824,Cytoplasm
33765-78650_A_5_5.jpg,ENSG00000129084,Nucleoplasm
36231-125740_A_6_5.jpg,ENSG00000130204,Mitochondria
36232-125744_A_4_5.jpg,ENSG00000130204,Mitochondria
36231-125740_A_5_5.jpg,ENSG00000130204,Mitochondria
36232-125744_A_5_5.jpg,ENSG00000130204,Mitochondria
41997-90607_A_5_5.jpg,ENSG00000130811,Cytoplasm
41997-90607_A_1_5.jpg,ENSG00000130811,Cytoplasm
41997-90607_A_4_5.jpg,ENSG00000130811,Cytoplasm
41997-90607_A_2_5.jpg,ENSG00000130811,Cytoplasm
41997-90607_A_6_5.jpg,ENSG00000130811,Cytoplasm
41997-90607_A_3_5.jpg,ENSG00000130811,Cytoplasm
19435-43780_A_2_5.jpg,ENSG00000130985,Nucleoplasm
73410-153526_A_1_5.jpg,ENSG00000130985,Nucleoplasm
19435-43780_A_3_5.jpg,ENSG00000130985,Nucleoplasm
73410-153526_A_3_5.jpg,ENSG00000130985,Nucleoplasm
19435-43780_A_1_5.jpg,ENSG00000130985,Nucleoplasm
73410-153526_A_2_5.jpg,ENSG00000130985,Nucleoplasm
12510-33425_A_5_5.jpg,ENSG00000131467,Nucleoplasm
8388-19712_A_3_5.jpg,ENSG00000131467,Nucleoplasm
12510-33425_A_4_5.jpg,ENSG00000131467,Nucleoplasm
12510-33425_A_1_5.jpg,ENSG00000131467,Nucleoplasm
8388-19712_A_2_5.jpg,ENSG00000131467,Nucleoplasm
12510-33425_A_2_5.jpg,ENSG00000131467,Nucleoplasm
8388-19712_A_1_5.jpg,ENSG00000131467,Nucleoplasm
8388-19712_A_9_4.jpg,ENSG00000131467,Nucleoplasm
12510-33425_A_3_5.jpg,ENSG00000131467,Nucleoplasm
8388-19712_A_7_4.jpg,ENSG00000131467,Nucleoplasm
12510-33425_A_6_5.jpg,ENSG00000131467,Nucleoplasm
8388-19712_A_5_5.jpg,ENSG00000131467,Nucleoplasm
8388-19712_A_8_4.jpg,ENSG00000131467,Nucleoplasm
38300-80432_A_1_5.jpg,ENSG00000131844,Mitochondria
61546-148478_A_6_5.jpg,ENSG00000131844,Mitochondria
38300-80432_A_2_5.jpg,ENSG00000131844,Mitochondria
61546-148478_A_5_5.jpg,ENSG00000131844,Mitochondria
38300-80432_A_3_5.jpg,ENSG00000131844,Mitochondria
6914-19155_A_5_5.jpg,ENSG00000132383,Nucleoplasm
6914-19155_A_4_5.jpg,ENSG00000132383,Nucleoplasm
69119-153803_A_4_5.jpg,ENSG00000132773,Nucleoplasm
69119-153803_B_1_4.jpg,ENSG00000132773,Nucleoplasm
69119-153803_B_3_4.jpg,ENSG00000132773,Nucleoplasm
69119-153803_A_6_5.jpg,ENSG00000132773,Nucleoplasm
69119-153803_B_2_4.jpg,ENSG00000132773,Nucleoplasm
35802-72472_A_1_5.jpg,ENSG00000134056,Mitochondria
35802-72472_A_2_5.jpg,ENSG00000134056,Mitochondria
35802-72472_B_2_4.jpg,ENSG00000134056,Mitochondria
35802-72472_A_3_5.jpg,ENSG00000134056,Mitochondria
35802-72472_B_3_4.jpg,ENSG00000134056,Mitochondria
11819-27850_A_4_5.jpg,ENSG00000135829,Nucleoplasm
28050-59424_A_5_5.jpg,ENSG00000135829,Nucleoplasm
28050-59424_A_4_5.jpg,ENSG00000135829,Nucleoplasm
11819-27850_A_6_5.jpg,ENSG00000135829,Nucleoplasm
28050-59424_A_6_5.jpg,ENSG00000135829,Nucleoplasm
13073-31220_A_6_5.jpg,ENSG00000136450,Nucleoplasm
13073-31220_A_3_5.jpg,ENSG00000136450,Nucleoplasm
13073-31220_B_3_4.jpg,ENSG00000136450,Nucleoplasm
61301-137936_A_9_4.jpg,ENSG00000136450,Nucleoplasm
61301-137936_A_7_4.jpg,ENSG00000136450,Nucleoplasm
13073-31220_A_2_5.jpg,ENSG00000136450,Nucleoplasm
61301-137936_A_5_5.jpg,ENSG00000136450,Nucleoplasm
61301-137936_A_8_4.jpg,ENSG00000136450,Nucleoplasm
13073-31220_A_1_5.jpg,ENSG00000136450,Nucleoplasm
13073-31220_B_1_4.jpg,ENSG00000136450,Nucleoplasm
61301-137936_A_6_5.jpg,ENSG00000136450,Nucleoplasm
13073-31220_A_4_5.jpg,ENSG00000136450,Nucleoplasm
13073-31220_A_9_4.jpg,ENSG00000136450,Nucleoplasm
13073-31220_A_7_4.jpg,ENSG00000136450,Nucleoplasm
13073-31220_A_5_5.jpg,ENSG00000136450,Nucleoplasm
13073-31220_A_8_4.jpg,ENSG00000136450,Nucleoplasm
19841-45499_A_5_5.jpg,ENSG00000137497,Nucleoplasm
19859-45697_A_5_5.jpg,ENSG00000137497,Nucleoplasm
29912-62040_A_2_5.jpg,ENSG00000137497,Nucleoplasm
19841-45499_A_1_5.jpg,ENSG00000137497,Nucleoplasm
19841-45499_B_1_4.jpg,ENSG00000137497,Nucleoplasm
19859-45507_B_1_4.jpg,ENSG00000137497,Nucleoplasm
29912-62040_A_6_5.jpg,ENSG00000137497,Nucleoplasm
19841-45499_A_4_5.jpg,ENSG00000137497,Nucleoplasm
19859-45697_A_4_5.jpg,ENSG00000137497,Nucleoplasm
29912-62040_A_3_5.jpg,ENSG00000137497,Nucleoplasm
19841-45499_A_2_5.jpg,ENSG00000137497,Nucleoplasm
19841-45499_B_2_4.jpg,ENSG00000137497,Nucleoplasm
19859-45507_B_2_4.jpg,ENSG00000137497,Nucleoplasm
19859-45697_A_2_5.jpg,ENSG00000137497,Nucleoplasm
29912-62040_A_5_5.jpg,ENSG00000137497,Nucleoplasm
19841-45499_A_6_5.jpg,ENSG00000137497,Nucleoplasm
19859-45697_A_6_5.jpg,ENSG00000137497,Nucleoplasm
29912-62040_A_1_5.jpg,ENSG00000137497,Nucleoplasm
19841-45499_A_3_5.jpg,ENSG00000137497,Nucleoplasm
19841-45499_B_3_4.jpg,ENSG00000137497,Nucleoplasm
19859-45507_B_3_4.jpg,ENSG00000137497,Nucleoplasm
19859-45697_A_3_5.jpg,ENSG00000137497,Nucleoplasm
17022-39261_A_2_5.jpg,ENSG00000140632,Nucleoplasm
50136-137516_A_6_5.jpg,ENSG00000140632,Nucleoplasm
50136-137516_A_3_5.jpg,ENSG00000140632,Nucleoplasm
17022-39261_A_3_5.jpg,ENSG00000140632,Nucleoplasm
50136-137516_A_2_5.jpg,ENSG00000140632,Nucleoplasm
17022-39261_A_5_5.jpg,ENSG00000140632,Nucleoplasm
17022-39261_A_8_4.jpg,ENSG00000140632,Nucleoplasm
50136-137516_A_1_5.jpg,ENSG00000140632,Nucleoplasm
17022-39261_A_7_4.jpg,ENSG00000140632,Nucleoplasm
50136-137516_A_4_5.jpg,ENSG00000140632,Nucleoplasm
17022-39261_A_9_4.jpg,ENSG00000140632,Nucleoplasm
17022-39261_A_1_5.jpg,ENSG00000140632,Nucleoplasm
50136-137516_A_5_5.jpg,ENSG00000140632,Nucleoplasm
60760-134465_A_5_5.jpg,ENSG00000141456,Nucleoli;Nucleoplasm
60760-134465_A_4_5.jpg,ENSG00000141456,Nucleoli;Nucleoplasm
60760-134465_A_6_5.jpg,ENSG00000141456,Nucleoli;Nucleoplasm
17015-38526_A_5_5.jpg,ENSG00000143614,Nucleoplasm
17015-38526_A_4_5.jpg,ENSG00000143614,Nucleoplasm
17015-38526_A_6_5.jpg,ENSG00000143614,Nucleoplasm
75726-159306_B_2_4.jpg,ENSG00000143799,Nucleoplasm
75726-159306_A_6_5.jpg,ENSG00000143799,Nucleoplasm
45168-101032_A_2_5.jpg,ENSG00000143799,Nucleoplasm
75726-159306_B_3_4.jpg,ENSG00000143799,Nucleoplasm
75727-159311_B_1_4.jpg,ENSG00000143799,Nucleoplasm
45168-101032_A_1_5.jpg,ENSG00000143799,Nucleoplasm
75727-159311_B_2_4.jpg,ENSG00000143799,Nucleoplasm
45168-101032_A_4_5.jpg,ENSG00000143799,Nucleoplasm
75726-159306_A_5_5.jpg,ENSG00000143799,Nucleoplasm
75726-159306_B_1_4.jpg,ENSG00000143799,Nucleoplasm
75727-159311_B_3_4.jpg,ENSG00000143799,Nucleoplasm
45168-101032_A_5_5.jpg,ENSG00000143799,Nucleoplasm
75726-159306_A_4_5.jpg,ENSG00000143799,Nucleoplasm
3211-9570_A_5_5.jpg,ENSG00000147130,Nucleoplasm
3211-9570_A_1_5.jpg,ENSG00000147130,Nucleoplasm
3211-9570_A_4_5.jpg,ENSG00000147130,Nucleoplasm
3211-9570_A_2_5.jpg,ENSG00000147130,Nucleoplasm
3211-9570_B_2_4.jpg,ENSG00000147130,Nucleoplasm
3211-9570_A_6_5.jpg,ENSG00000147130,Nucleoplasm
3211-9570_A_3_5.jpg,ENSG00000147130,Nucleoplasm
3211-9570_B_3_4.jpg,ENSG00000147130,Nucleoplasm
38388-78684_A_1_5.jpg,ENSG00000149300,Plasma Membrane
38388-78684_A_2_5.jpg,ENSG00000149300,Plasma Membrane
38388-78684_A_3_5.jpg,ENSG00000149300,Plasma Membrane
11469-32748_A_4_5.jpg,ENSG00000152104,Nucleoplasm
9884-32849_A_4_5.jpg,ENSG00000153767,Nucleoplasm
9884-32849_A_6_5.jpg,ENSG00000153767,Nucleoplasm
48020-146373_A_6_5.jpg,ENSG00000154174,Mitochondria
48020-146373_A_5_5.jpg,ENSG00000154174,Mitochondria
48020-146373_A_4_5.jpg,ENSG00000154174,Mitochondria
52210-126175_A_5_5.jpg,ENSG00000156928,Mitochondria
52210-126175_A_4_5.jpg,ENSG00000156928,Mitochondria
52210-126175_A_1_5.jpg,ENSG00000156928,Mitochondria
52210-126175_A_2_5.jpg,ENSG00000156928,Mitochondria
52210-126175_A_3_5.jpg,ENSG00000156928,Mitochondria
5063-17857_A_4_5.jpg,ENSG00000158092,Plasma Membrane;Cytoplasm
5063-17857_A_6_5.jpg,ENSG00000158092,Plasma Membrane;Cytoplasm
12234-33169_A_2_5.jpg,ENSG00000158636,Nucleoplasm
12234-33169_A_3_5.jpg,ENSG00000158636,Nucleoplasm
12234-33169_A_1_5.jpg,ENSG00000158636,Nucleoplasm
24338-55150_A_6_5.jpg,ENSG00000161048,Cytoplasm
24338-55150_A_4_5.jpg,ENSG00000161048,Cytoplasm
24338-55150_A_5_5.jpg,ENSG00000161048,Cytoplasm
17340-40024_A_9_4.jpg,ENSG00000161904,Nuclear membrane
17340-40024_A_7_4.jpg,ENSG00000161904,Nuclear membrane
17340-40024_A_5_5.jpg,ENSG00000161904,Nuclear membrane
17340-40024_A_8_4.jpg,ENSG00000161904,Nuclear membrane
17340-40024_A_6_5.jpg,ENSG00000161904,Nuclear membrane
44837-101875_A_4_5.jpg,ENSG00000162735,Vesicles
44837-101875_A_9_4.jpg,ENSG00000162735,Vesicles
44837-101875_A_1_5.jpg,ENSG00000162735,Vesicles
44837-101875_B_1_4.jpg,ENSG00000162735,Vesicles
44837-101875_A_5_5.jpg,ENSG00000162735,Vesicles
44837-101875_A_8_4.jpg,ENSG00000162735,Vesicles
44837-101875_A_7_4.jpg,ENSG00000162735,Vesicles
44837-101875_A_2_5.jpg,ENSG00000162735,Vesicles
44837-101875_B_2_4.jpg,ENSG00000162735,Vesicles
46693-106976_A_7_4.jpg,ENSG00000164405,Mitochondria
46693-106976_A_8_4.jpg,ENSG00000164405,Mitochondria
46693-106976_A_9_4.jpg,ENSG00000164405,Mitochondria
8461-21874_A_4_5.jpg,ENSG00000164828,Nuclear membrane
8461-21874_B_2_4.jpg,ENSG00000164828,Nuclear membrane
8461-21874_B_3_4.jpg,ENSG00000164828,Nuclear membrane
8686-23063_A_6_5.jpg,ENSG00000167552,Cytoplasm
39247-102080_A_4_5.jpg,ENSG00000167552,Cytoplasm
8686-23063_A_4_5.jpg,ENSG00000167552,Cytoplasm
39247-102080_A_5_5.jpg,ENSG00000167552,Cytoplasm
35010-72702_A_2_5.jpg,ENSG00000169020,Mitochondria
35010-72702_A_3_5.jpg,ENSG00000169020,Mitochondria
35010-72702_A_1_5.jpg,ENSG00000169020,Mitochondria
80093-171387_A_2_5.jpg,ENSG00000169032,Plasma Membrane;Cytoplasm
80093-171387_B_2_4.jpg,ENSG00000169032,Plasma Membrane;Cytoplasm
80093-171387_A_3_5.jpg,ENSG00000169032,Plasma Membrane;Cytoplasm
80093-171387_B_3_4.jpg,ENSG00000169032,Plasma Membrane;Cytoplasm
80093-171387_A_6_5.jpg,ENSG00000169032,Plasma Membrane;Cytoplasm
80093-171387_A_5_5.jpg,ENSG00000169032,Plasma Membrane;Cytoplasm
80093-171387_A_4_5.jpg,ENSG00000169032,Plasma Membrane;Cytoplasm
80093-171387_A_1_5.jpg,ENSG00000169032,Plasma Membrane;Cytoplasm
6461-155195_B_2_4.jpg,ENSG00000169710,Plasma Membrane;Cytoplasm
6461-155195_B_3_4.jpg,ENSG00000169710,Plasma Membrane;Cytoplasm
6461-155195_B_1_4.jpg,ENSG00000169710,Plasma Membrane;Cytoplasm
16884-37354_A_6_5.jpg,ENSG00000169813,Nucleoplasm
16884-37354_A_5_5.jpg,ENSG00000169813,Nucleoplasm
14717-33988_A_3_5.jpg,ENSG00000170088,Vesicles
14717-33988_A_1_5.jpg,ENSG00000170088,Vesicles
14717-33988_A_5_5.jpg,ENSG00000170088,Vesicles
17616-39995_A_3_5.jpg,ENSG00000172725,Plasma Membrane;Cytoplasm
70456-154820_A_6_5.jpg,ENSG00000172725,Plasma Membrane;Cytoplasm
17616-39995_A_2_5.jpg,ENSG00000172725,Plasma Membrane;Cytoplasm
17616-39995_A_1_5.jpg,ENSG00000172725,Plasma Membrane;Cytoplasm
17616-39995_A_4_5.jpg,ENSG00000172725,Plasma Membrane;Cytoplasm
70456-154820_A_5_5.jpg,ENSG00000172725,Plasma Membrane;Cytoplasm
70456-154820_A_4_5.jpg,ENSG00000172725,Plasma Membrane;Cytoplasm
17181-37946_A_3_5.jpg,ENSG00000172939,Cytoplasm
17181-37946_A_6_5.jpg,ENSG00000172939,Cytoplasm
17181-37946_A_2_5.jpg,ENSG00000172939,Cytoplasm
17181-37946_A_4_5.jpg,ENSG00000172939,Cytoplasm
17181-37946_A_1_5.jpg,ENSG00000172939,Cytoplasm
4264-18466_A_6_5.jpg,ENSG00000173039,Cytoplasm
5030-18470_A_5_5.jpg,ENSG00000173039,Cytoplasm
4264-18466_A_5_5.jpg,ENSG00000173039,Cytoplasm
5030-18470_A_6_5.jpg,ENSG00000173039,Cytoplasm
32047-122459_A_6_5.jpg,ENSG00000173801,Vesicles;Plasma Membrane
32047-122459_A_3_5.jpg,ENSG00000173801,Vesicles;Plasma Membrane
2139-5787_A_6_5.jpg,ENSG00000173801,Vesicles;Plasma Membrane
32047-122459_A_2_5.jpg,ENSG00000173801,Vesicles;Plasma Membrane
32047-122459_A_1_5.jpg,ENSG00000173801,Vesicles;Plasma Membrane
2139-5787_A_5_5.jpg,ENSG00000173801,Vesicles;Plasma Membrane
32047-122459_A_4_5.jpg,ENSG00000173801,Vesicles;Plasma Membrane
32047-122459_A_9_4.jpg,ENSG00000173801,Vesicles;Plasma Membrane
32047-122459_A_7_4.jpg,ENSG00000173801,Vesicles;Plasma Membrane
32047-122459_A_5_5.jpg,ENSG00000173801,Vesicles;Plasma Membrane
32047-122459_A_8_4.jpg,ENSG00000173801,Vesicles;Plasma Membrane
23310-51579_A_3_5.jpg,ENSG00000175866,Plasma Membrane;Cytoplasm
27421-57204_A_5_5.jpg,ENSG00000175866,Plasma Membrane;Cytoplasm
23310-51579_A_6_5.jpg,ENSG00000175866,Plasma Membrane;Cytoplasm
23310-51579_A_2_5.jpg,ENSG00000175866,Plasma Membrane;Cytoplasm
27421-57204_A_1_5.jpg,ENSG00000175866,Plasma Membrane;Cytoplasm
23310-51579_A_4_5.jpg,ENSG00000175866,Plasma Membrane;Cytoplasm
27421-57204_A_2_5.jpg,ENSG00000175866,Plasma Membrane;Cytoplasm
23310-51579_A_1_5.jpg,ENSG00000175866,Plasma Membrane;Cytoplasm
23310-51579_A_5_5.jpg,ENSG00000175866,Plasma Membrane;Cytoplasm
27421-57204_A_3_5.jpg,ENSG00000175866,Plasma Membrane;Cytoplasm
40168-88434_A_6_5.jpg,ENSG00000176102,Nucleoplasm
40168-88434_A_4_5.jpg,ENSG00000176102,Nucleoplasm
40168-88434_A_5_5.jpg,ENSG00000176102,Nucleoplasm
14662-59531_A_2_5.jpg,ENSG00000177542,Mitochondria;Nucleoplasm
14662-59531_A_3_5.jpg,ENSG00000177542,Mitochondria;Nucleoplasm
14662-59531_A_1_5.jpg,ENSG00000177542,Mitochondria;Nucleoplasm
27463-58452_A_2_5.jpg,ENSG00000178950,Golgi Apparatus;Vesicles
27463-58452_A_3_5.jpg,ENSG00000178950,Golgi Apparatus;Vesicles
27463-58452_A_1_5.jpg,ENSG00000178950,Golgi Apparatus;Vesicles
44991-102118_A_5_5.jpg,ENSG00000181135,Nucleoplasm
44991-102118_A_1_5.jpg,ENSG00000181135,Nucleoplasm
44991-102118_A_4_5.jpg,ENSG00000181135,Nucleoplasm
44991-102118_A_2_5.jpg,ENSG00000181135,Nucleoplasm
16281-38406_B_1_4.jpg,ENSG00000183684,Nucleoplasm
19799-46087_A_6_5.jpg,ENSG00000183684,Nucleoplasm
16281-38406_A_4_5.jpg,ENSG00000183684,Nucleoplasm
16281-38406_A_9_4.jpg,ENSG00000183684,Nucleoplasm
19799-46087_A_3_5.jpg,ENSG00000183684,Nucleoplasm
19799-46087_B_3_4.jpg,ENSG00000183684,Nucleoplasm
16281-38406_A_7_4.jpg,ENSG00000183684,Nucleoplasm
16281-38406_A_5_5.jpg,ENSG00000183684,Nucleoplasm
16281-38406_A_8_4.jpg,ENSG00000183684,Nucleoplasm
19799-46087_A_2_5.jpg,ENSG00000183684,Nucleoplasm
19799-46087_B_2_4.jpg,ENSG00000183684,Nucleoplasm
19799-46087_A_1_5.jpg,ENSG00000183684,Nucleoplasm
19799-46087_B_1_4.jpg,ENSG00000183684,Nucleoplasm
16281-38406_A_3_5.jpg,ENSG00000183684,Nucleoplasm
19799-46087_A_4_5.jpg,ENSG00000183684,Nucleoplasm
19799-46087_A_9_4.jpg,ENSG00000183684,Nucleoplasm
19799-46087_A_7_4.jpg,ENSG00000183684,Nucleoplasm
16281-38406_A_2_5.jpg,ENSG00000183684,Nucleoplasm
16281-38406_B_2_4.jpg,ENSG00000183684,Nucleoplasm
19799-46087_A_8_4.jpg,ENSG00000183684,Nucleoplasm
46271-105391_A_1_5.jpg,ENSG00000184254,Nucleoplasm;Cytoplasm
46271-105391_A_3_5.jpg,ENSG00000184254,Nucleoplasm;Cytoplasm
46271-105391_A_2_5.jpg,ENSG00000184254,Nucleoplasm;Cytoplasm
9960-33523_A_6_5.jpg,ENSG00000185049,Nucleoplasm
39858-138446_A_6_5.jpg,ENSG00000185049,Nucleoplasm
39858-138446_A_5_5.jpg,ENSG00000185049,Nucleoplasm
9960-33523_A_5_5.jpg,ENSG00000185049,Nucleoplasm
9960-33523_A_4_5.jpg,ENSG00000185049,Nucleoplasm
75701-160107_A_6_5.jpg,ENSG00000186951,Nucleoplasm
75701-160107_A_4_5.jpg,ENSG00000186951,Nucleoplasm
20998-47654_A_4_5.jpg,ENSG00000188186,Vesicles
20998-47654_A_5_5.jpg,ENSG00000188186,Vesicles
46688-105538_A_2_5.jpg,ENSG00000197451,Nucleoplasm
46688-105538_B_2_4.jpg,ENSG00000197451,Nucleoplasm
46688-105538_A_3_5.jpg,ENSG00000197451,Nucleoplasm
46688-105538_B_3_4.jpg,ENSG00000197451,Nucleoplasm
46688-105538_A_6_5.jpg,ENSG00000197451,Nucleoplasm
46688-105538_A_8_4.jpg,ENSG00000197451,Nucleoplasm
46688-105538_A_7_4.jpg,ENSG00000197451,Nucleoplasm
46688-105538_A_4_5.jpg,ENSG00000197451,Nucleoplasm
46688-105538_A_9_4.jpg,ENSG00000197451,Nucleoplasm
46688-105538_A_1_5.jpg,ENSG00000197451,Nucleoplasm
46688-105538_B_1_4.jpg,ENSG00000197451,Nucleoplasm
37023-80230_A_4_5.jpg,ENSG00000197879,Plasma Membrane
37023-80230_A_5_5.jpg,ENSG00000197879,Plasma Membrane
37023-80230_A_6_5.jpg,ENSG00000197879,Plasma Membrane
3267-10185_A_5_5.jpg,ENSG00000198087,Plasma Membrane;Cytoplasm
3326-10181_A_5_5.jpg,ENSG00000198087,Plasma Membrane;Cytoplasm
3326-10181_A_8_4.jpg,ENSG00000198087,Plasma Membrane;Cytoplasm
3267-10185_A_1_5.jpg,ENSG00000198087,Plasma Membrane;Cytoplasm
3326-10181_A_1_5.jpg,ENSG00000198087,Plasma Membrane;Cytoplasm
4352-13131_A_5_5.jpg,ENSG00000198087,Plasma Membrane;Cytoplasm
3267-10185_A_4_5.jpg,ENSG00000198087,Plasma Membrane;Cytoplasm
3326-10181_A_4_5.jpg,ENSG00000198087,Plasma Membrane;Cytoplasm
3326-10181_A_9_4.jpg,ENSG00000198087,Plasma Membrane;Cytoplasm
3267-10185_A_2_5.jpg,ENSG00000198087,Plasma Membrane;Cytoplasm
3326-10181_A_2_5.jpg,ENSG00000198087,Plasma Membrane;Cytoplasm
4352-13131_A_6_5.jpg,ENSG00000198087,Plasma Membrane;Cytoplasm
3267-10185_A_6_5.jpg,ENSG00000198087,Plasma Membrane;Cytoplasm
3326-10181_A_6_5.jpg,ENSG00000198087,Plasma Membrane;Cytoplasm
3267-10185_A_3_5.jpg,ENSG00000198087,Plasma Membrane;Cytoplasm
3326-10181_A_3_5.jpg,ENSG00000198087,Plasma Membrane;Cytoplasm
59621-133646_A_4_5.jpg,ENSG00000198492,Cytoplasm
59621-133646_A_5_5.jpg,ENSG00000198492,Cytoplasm
59621-133646_A_6_5.jpg,ENSG00000198492,Cytoplasm
16043-40251_A_6_5.jpg,ENSG00000198586,Nucleoplasm
16043-40251_A_3_5.jpg,ENSG00000198586,Nucleoplasm
16043-40251_B_3_4.jpg,ENSG00000198586,Nucleoplasm
16043-40251_A_2_5.jpg,ENSG00000198586,Nucleoplasm
16043-40251_B_2_4.jpg,ENSG00000198586,Nucleoplasm
16043-40251_A_1_5.jpg,ENSG00000198586,Nucleoplasm
16043-40251_B_1_4.jpg,ENSG00000198586,Nucleoplasm
16043-40251_A_4_5.jpg,ENSG00000198586,Nucleoplasm
16043-40251_A_5_5.jpg,ENSG00000198586,Nucleoplasm
17578-40308_A_5_5.jpg,ENSG00000204574,Cytoplasm
17578-40308_A_6_5.jpg,ENSG00000204574,Cytoplasm
34745-76854_A_2_5.jpg,ENSG00000226650,Nucleoplasm
34745-76854_A_1_5.jpg,ENSG00000226650,Nucleoplasm
19285-42513_A_5_5.jpg,ENSG00000239900,Cytoplasm
19285-42513_A_4_5.jpg,ENSG00000239900,Cytoplasm
525-935_A_3_5.jpg,ENSG00000239900,Cytoplasm
525-935_A_2_5.jpg,ENSG00000239900,Cytoplasm
22853-51216_A_2_5.jpg,ENSG00000262660,Mitochondria
23043-51224_A_5_5.jpg,ENSG00000262660,Mitochondria
22853-51216_A_3_5.jpg,ENSG00000262660,Mitochondria
23043-51224_A_4_5.jpg,ENSG00000262660,Mitochondria
22853-51216_A_6_5.jpg,ENSG00000262660,Mitochondria
23043-51224_A_1_5.jpg,ENSG00000262660,Mitochondria
22853-51216_A_5_5.jpg,ENSG00000262660,Mitochondria
23043-51224_A_2_5.jpg,ENSG00000262660,Mitochondria
22853-51216_A_4_5.jpg,ENSG00000262660,Mitochondria
23043-51224_A_3_5.jpg,ENSG00000262660,Mitochondria
22853-51216_A_1_5.jpg,ENSG00000262660,Mitochondria
23043-51224_A_6_5.jpg,ENSG00000262660,Mitochondria
